date,firm,publisher,Likud,Yesh_Atid,Rel_Zionism,Otzma_Yehudit,National_Unity,Shas,UTJ,Yisrael_Beiteinu,Raam,Hadash_Taal,Labor,Meretz,Balad,lead,gov_total,source_url,date_parsed,dems,New_Hope,Bennett_2026,Blue_White,Reservists,Yashar,Joint_List,Joint_List_1,Joint_List_2
1 Nov 2022,2022 legislative election[125],2022 legislative election[125],32.0,24.0,14.0,14.0,12.0,11.0,7.0,6.0,5.0,5.0,4.0,-3.16,-2.91,8,64.0,https://en.wikipedia.org/wiki/2022%E2%80%932023_opinion_polling_for_the_2026_Israeli_legislative_election,2022-11-01,,,,,,,,,
23 Dec 2022,Panels Politics,Maariv[124],35.0,26.0,12.0,12.0,10.0,9.0,8.0,4.0,4.0,,4.0,4.0,4.0,9,64.0,https://en.wikipedia.org/wiki/2022%E2%80%932023_opinion_polling_for_the_2026_Israeli_legislative_election,2022-12-23,,,,,,,,,
1 Jan 2023,Camil Fuchs,Channel 13[122],31.0,26.0,12.0,12.0,12.0,8.0,7.0,6.0,6.0,4.0,4.0,4.0,,5,58.0,https://en.wikipedia.org/wiki/2022%E2%80%932023_opinion_polling_for_the_2026_Israeli_legislative_election,2023-01-01,,,,,,,,,
26 Jan 2023,Panels Politics,Maariv[121],31.0,27.0,5.0,8.0,15.0,9.0,7.0,5.0,-2.0,4.0,4.0,5.0,-2.4,4,60.0,https://en.wikipedia.org/wiki/2022%E2%80%932023_opinion_polling_for_the_2026_Israeli_legislative_election,2023-01-26,,,,,,,,,
2 Feb 2023,Direct Polls,Channel 14[120],30.0,24.0,6.0,8.0,12.0,12.0,8.0,6.0,5.0,5.0,4.0,,,6,64.0,https://en.wikipedia.org/wiki/2022%E2%80%932023_opinion_polling_for_the_2026_Israeli_legislative_election,2023-02-02,,,,,,,,,
3 Feb 2023,Midgam,HaHadashot 12[118][119],30.0,24.0,14.0,14.0,14.0,11.0,7.0,6.0,5.0,5.0,-2.4,4.0,-1.8,6,62.0,https://en.wikipedia.org/wiki/2022%E2%80%932023_opinion_polling_for_the_2026_Israeli_legislative_election,2023-02-03,,,,,,,,,
20 Feb 2023,Camil Fuchs,Channel 13[117],27.0,26.0,12.0,12.0,14.0,10.0,7.0,5.0,6.0,5.0,4.0,,4.0,1,56.0,https://en.wikipedia.org/wiki/2022%E2%80%932023_opinion_polling_for_the_2026_Israeli_legislative_election,2023-02-20,,,,,,,,,
22 Feb 2023,Direct Polls,Channel 14[115][116],31.0,23.0,7.0,7.0,13.0,11.0,8.0,6.0,5.0,5.0,4.0,-3.2,,8,64.0,https://en.wikipedia.org/wiki/2022%E2%80%932023_opinion_polling_for_the_2026_Israeli_legislative_election,2023-02-22,,,,,,,,,
24 Feb 2023,Panels Politics,Maariv[114],26.0,27.0,5.0,7.0,19.0,10.0,7.0,5.0,-2.6,5.0,5.0,4.0,-2.1,1,55.0,https://en.wikipedia.org/wiki/2022%E2%80%932023_opinion_polling_for_the_2026_Israeli_legislative_election,2023-02-24,,,,,,,,,
27 Feb 2023,Kantar,Kan 11[113],29.0,26.0,13.0,13.0,15.0,10.0,7.0,5.0,6.0,5.0,-3.1,4.0,-3.0,3,59.0,https://en.wikipedia.org/wiki/2022%E2%80%932023_opinion_polling_for_the_2026_Israeli_legislative_election,2023-02-27,,,,,,,,,
28 Feb 2023,Midgam,HaHadashot 12[112],29.0,26.0,12.0,12.0,14.0,11.0,7.0,6.0,6.0,5.0,-2.8,4.0,-2.0,3,59.0,https://en.wikipedia.org/wiki/2022%E2%80%932023_opinion_polling_for_the_2026_Israeli_legislative_election,2023-02-28,,,,,,,,,
5 Mar 2023,Camil Fuchs,Channel 13[111],28.0,27.0,12.0,12.0,14.0,9.0,7.0,6.0,6.0,5.0,6.0,,,1,56.0,https://en.wikipedia.org/wiki/2022%E2%80%932023_opinion_polling_for_the_2026_Israeli_legislative_election,2023-03-05,,,,,,,,,
5 Mar 2023,Direct Polls,Channel 14[110],32.0,22.0,6.0,6.0,15.0,11.0,7.0,7.0,5.0,5.0,-2.9,4.0,-2.9,10,62.0,https://en.wikipedia.org/wiki/2022%E2%80%932023_opinion_polling_for_the_2026_Israeli_legislative_election,2023-03-05,,,,,,,,,
9 Mar 2023,Panels Politics,Maariv[109],27.0,25.0,5.0,7.0,16.0,10.0,7.0,6.0,4.0,5.0,4.0,4.0,,2,56.0,https://en.wikipedia.org/wiki/2022%E2%80%932023_opinion_polling_for_the_2026_Israeli_legislative_election,2023-03-09,,,,,,,,,
16 Mar 2023,Camil Fuchs,Channel 13[103],28.0,27.0,13.0,13.0,13.0,10.0,7.0,6.0,6.0,5.0,5.0,,,1,58.0,https://en.wikipedia.org/wiki/2022%E2%80%932023_opinion_polling_for_the_2026_Israeli_legislative_election,2023-03-16,,,,,,,,,
16 Mar 2023,Direct Polls,Channel 14[105],32.0,23.0,6.0,6.0,15.0,11.0,7.0,6.0,5.0,5.0,-2.8,4.0,-2.7,9,62.0,https://en.wikipedia.org/wiki/2022%E2%80%932023_opinion_polling_for_the_2026_Israeli_legislative_election,2023-03-16,,,,,,,,,
16 Mar 2023,Kantar,Kan 11[106][107],28.0,24.0,12.0,12.0,17.0,11.0,7.0,6.0,6.0,5.0,-2.9,4.0,-2.6,4,58.0,https://en.wikipedia.org/wiki/2022%E2%80%932023_opinion_polling_for_the_2026_Israeli_legislative_election,2023-03-16,,,,,,,,,
16 Mar 2023,Midgam,HaHadashot 12[104],29.0,23.0,12.0,12.0,17.0,10.0,7.0,6.0,6.0,5.0,-3.0,5.0,-1.0,6,58.0,https://en.wikipedia.org/wiki/2022%E2%80%932023_opinion_polling_for_the_2026_Israeli_legislative_election,2023-03-16,,,,,,,,,
16 Mar 2023,Panels Politics,Maariv[108],29.0,24.0,6.0,5.0,16.0,9.0,8.0,6.0,4.0,4.0,4.0,5.0,,5,57.0,https://en.wikipedia.org/wiki/2022%E2%80%932023_opinion_polling_for_the_2026_Israeli_legislative_election,2023-03-16,,,,,,,,,
23 Mar 2023,Panels Politics,Maariv[102],28.0,26.0,5.0,6.0,19.0,10.0,7.0,5.0,4.0,5.0,-2.6,5.0,,2,56.0,https://en.wikipedia.org/wiki/2022%E2%80%932023_opinion_polling_for_the_2026_Israeli_legislative_election,2023-03-23,,,,,,,,,
26 Mar 2023,Camil Fuchs,Channel 13[101],28.0,24.0,11.0,11.0,18.0,9.0,7.0,5.0,5.0,5.0,4.0,,4.0,4,55.0,https://en.wikipedia.org/wiki/2022%E2%80%932023_opinion_polling_for_the_2026_Israeli_legislative_election,2023-03-26,,,,,,,,,
27 Mar 2023,Midgam,HaHadashot 12[100],25.0,22.0,12.0,12.0,23.0,10.0,7.0,6.0,5.0,5.0,-3.1,5.0,-2.1,2,54.0,https://en.wikipedia.org/wiki/2022%E2%80%932023_opinion_polling_for_the_2026_Israeli_legislative_election,2023-03-27,,,,,,,,,
27 Mar 2023,Kantar,Kan 11[99],25.0,22.0,11.0,11.0,21.0,10.0,7.0,5.0,6.0,5.0,4.0,4.0,-3.1,3,53.0,https://en.wikipedia.org/wiki/2022%E2%80%932023_opinion_polling_for_the_2026_Israeli_legislative_election,2023-03-27,,,,,,,,,
28 Mar 2023,Direct Polls,Channel 14[98],30.0,19.0,6.0,5.0,23.0,10.0,7.0,6.0,5.0,5.0,-2.5,4.0,-1.9,7,58.0,https://en.wikipedia.org/wiki/2022%E2%80%932023_opinion_polling_for_the_2026_Israeli_legislative_election,2023-03-28,,,,,,,,,
2 Apr 2023,Direct Polls,Channel 14[97],31.0,17.0,5.0,5.0,24.0,10.0,7.0,7.0,5.0,5.0,-2.5,4.0,-2.9,7,58.0,https://en.wikipedia.org/wiki/2022%E2%80%932023_opinion_polling_for_the_2026_Israeli_legislative_election,2023-04-02,,,,,,,,,
5 Apr 2023,Panels Politics,Maariv[96],25.0,20.0,6.0,6.0,25.0,10.0,7.0,6.0,4.0,6.0,-2.6,5.0,-1.8,Tie,54.0,https://en.wikipedia.org/wiki/2022%E2%80%932023_opinion_polling_for_the_2026_Israeli_legislative_election,2023-04-05,,,,,,,,,
9 Apr 2023,Camil Fuchs,Channel 13[95],20.0,21.0,11.0,11.0,29.0,9.0,6.0,5.0,5.0,6.0,4.0,,4.0,8,46.0,https://en.wikipedia.org/wiki/2022%E2%80%932023_opinion_polling_for_the_2026_Israeli_legislative_election,2023-04-09,,,,,,,,,
13 Apr 2023,Panels Politics,Maariv[94],26.0,19.0,5.0,4.0,26.0,9.0,7.0,6.0,4.0,6.0,4.0,4.0,-2.3,Tie,51.0,https://en.wikipedia.org/wiki/2022%E2%80%932023_opinion_polling_for_the_2026_Israeli_legislative_election,2023-04-13,,,,,,,,,
16 Apr 2023,Midgam,HaHadashot 12[93],24.0,20.0,11.0,11.0,28.0,10.0,7.0,5.0,5.0,5.0,-2.6,5.0,-2.8,4,52.0,https://en.wikipedia.org/wiki/2022%E2%80%932023_opinion_polling_for_the_2026_Israeli_legislative_election,2023-04-16,,,,,,,,,
16 Apr 2023,Direct Polls,Channel 14[92],30.0,14.0,5.0,4.0,29.0,10.0,8.0,6.0,5.0,5.0,-1.7,4.0,-2.6,1,57.0,https://en.wikipedia.org/wiki/2022%E2%80%932023_opinion_polling_for_the_2026_Israeli_legislative_election,2023-04-16,,,,,,,,,
16 Apr 2023,Midgam,HaHadashot 12[93],24.0,18.0,11.0,11.0,26.0,10.0,7.0,5.0,5.0,5.0,9.0,9.0,-2.8,2,52.0,https://en.wikipedia.org/wiki/2022%E2%80%932023_opinion_polling_for_the_2026_Israeli_legislative_election,2023-04-16,,,,,,,,,
21 Apr 2023,Panels Politics,Maariv[91],26.0,19.0,5.0,5.0,27.0,9.0,7.0,6.0,4.0,6.0,-2.6,6.0,,1,52.0,https://en.wikipedia.org/wiki/2022%E2%80%932023_opinion_polling_for_the_2026_Israeli_legislative_election,2023-04-21,,,,,,,,,
27 Apr 2023,Panels Politics,Maariv[90],23.0,17.0,6.0,4.0,28.0,10.0,7.0,6.0,5.0,6.0,4.0,4.0,-2.2,5,50.0,https://en.wikipedia.org/wiki/2022%E2%80%932023_opinion_polling_for_the_2026_Israeli_legislative_election,2023-04-27,,,,,,,,,
30 Apr 2023,Kantar,Kan 11[89],25.0,18.0,9.0,9.0,30.0,10.0,7.0,6.0,5.0,6.0,-2.5,4.0,-2.6,5,51.0,https://en.wikipedia.org/wiki/2022%E2%80%932023_opinion_polling_for_the_2026_Israeli_legislative_election,2023-04-30,,,,,,,,,
30 Apr 2023,Direct Polls,Channel 14[88],31.0,14.0,5.0,4.0,28.0,11.0,7.0,6.0,5.0,5.0,-1.9,4.0,-2.8,3,58.0,https://en.wikipedia.org/wiki/2022%E2%80%932023_opinion_polling_for_the_2026_Israeli_legislative_election,2023-04-30,,,,,,,,,
30 Apr 2023,Camil Fuchs,Channel 13[87],22.0,18.0,6.0,5.0,28.0,9.0,7.0,6.0,5.0,5.0,,5.0,4.0,6,49.0,https://en.wikipedia.org/wiki/2022%E2%80%932023_opinion_polling_for_the_2026_Israeli_legislative_election,2023-04-30,,,,,,,,,
5 May 2023,Panels Politics,Maariv[86],25.0,17.0,5.0,5.0,31.0,10.0,8.0,6.0,4.0,5.0,-2.9,4.0,-2.4,6,53.0,https://en.wikipedia.org/wiki/2022%E2%80%932023_opinion_polling_for_the_2026_Israeli_legislative_election,2023-05-05,,,,,,,,,
7 May 2023,Camil Fuchs,Channel 13[84],24.0,19.0,7.0,4.0,29.0,10.0,7.0,6.0,5.0,5.0,,4.0,,5,52.0,https://en.wikipedia.org/wiki/2022%E2%80%932023_opinion_polling_for_the_2026_Israeli_legislative_election,2023-05-07,,,,,,,,,
7 May 2023,Midgam,HaHadashot 12[85],24.0,18.0,11.0,11.0,29.0,10.0,7.0,6.0,5.0,5.0,-2.5,5.0,-2.1,5,52.0,https://en.wikipedia.org/wiki/2022%E2%80%932023_opinion_polling_for_the_2026_Israeli_legislative_election,2023-05-07,,,,,,,,,
7 May 2023,Midgam,HaHadashot 12[85],23.0,18.0,5.0,7.0,29.0,10.0,7.0,6.0,5.0,5.0,-2.5,5.0,-2.1,6,52.0,https://en.wikipedia.org/wiki/2022%E2%80%932023_opinion_polling_for_the_2026_Israeli_legislative_election,2023-05-07,,,,,,,,,
12 May 2023,Panels Politics,Maariv[83],27.0,17.0,5.0,4.0,27.0,10.0,8.0,6.0,4.0,6.0,-2.2,6.0,-1.9,Tie,54.0,https://en.wikipedia.org/wiki/2022%E2%80%932023_opinion_polling_for_the_2026_Israeli_legislative_election,2023-05-12,,,,,,,,,
14 May 2023,Camil Fuchs,Channel 13[82],25.0,18.0,8.0,5.0,30.0,10.0,8.0,5.0,6.0,5.0,,,,3,56.0,https://en.wikipedia.org/wiki/2022%E2%80%932023_opinion_polling_for_the_2026_Israeli_legislative_election,2023-05-14,,,,,,,,,
14 May 2023,Direct Polls,Channel 14[81],31.0,16.0,5.0,5.0,27.0,10.0,7.0,6.0,5.0,4.0,-2.2,4.0,-2.8,4,58.0,https://en.wikipedia.org/wiki/2022%E2%80%932023_opinion_polling_for_the_2026_Israeli_legislative_election,2023-05-14,,,,,,,,,
14 May 2023,Kantar,Kan 11[80],28.0,18.0,10.0,10.0,26.0,10.0,7.0,6.0,5.0,5.0,-1.5,5.0,-2.2,2,55.0,https://en.wikipedia.org/wiki/2022%E2%80%932023_opinion_polling_for_the_2026_Israeli_legislative_election,2023-05-14,,,,,,,,,
14 May 2023,Midgam,HaHadashot 12[79],27.0,18.0,10.0,10.0,27.0,10.0,7.0,6.0,5.0,5.0,-1.3,5.0,-1.7,Tie,54.0,https://en.wikipedia.org/wiki/2022%E2%80%932023_opinion_polling_for_the_2026_Israeli_legislative_election,2023-05-14,,,,,,,,,
14 May 2023,Midgam,HaHadashot 12[79],27.0,18.0,4.0,6.0,27.0,10.0,7.0,6.0,5.0,5.0,-1.3,5.0,-1.7,Tie,54.0,https://en.wikipedia.org/wiki/2022%E2%80%932023_opinion_polling_for_the_2026_Israeli_legislative_election,2023-05-14,,,,,,,,,
18 May 2023,Panels Politics,Maariv[78],25.0,16.0,7.0,5.0,28.0,9.0,8.0,6.0,5.0,6.0,-2.0,5.0,-1.8,3,54.0,https://en.wikipedia.org/wiki/2022%E2%80%932023_opinion_polling_for_the_2026_Israeli_legislative_election,2023-05-18,,,,,,,,,
24 May 2023,Camil Fuchs,Channel 13[77],25.0,18.0,5.0,4.0,29.0,9.0,7.0,4.0,6.0,5.0,,4.0,4.0,4,50.0,https://en.wikipedia.org/wiki/2022%E2%80%932023_opinion_polling_for_the_2026_Israeli_legislative_election,2023-05-24,,,,,,,,,
24 May 2023,Panels Politics,Maariv[76],27.0,18.0,6.0,5.0,27.0,9.0,7.0,6.0,4.0,6.0,-2.5,5.0,-1.8,Tie,54.0,https://en.wikipedia.org/wiki/2022%E2%80%932023_opinion_polling_for_the_2026_Israeli_legislative_election,2023-05-24,,,,,,,,,
30 May 2023,Midgam,HaHadashot 12[75],26.0,18.0,4.0,6.0,28.0,10.0,7.0,6.0,6.0,4.0,-1.7,5.0,-2.1,2,53.0,https://en.wikipedia.org/wiki/2022%E2%80%932023_opinion_polling_for_the_2026_Israeli_legislative_election,2023-05-30,,,,,,,,,
30 May 2023,Midgam,HaHadashot 12[75],26.0,18.0,10.0,10.0,28.0,10.0,7.0,6.0,6.0,4.0,-1.7,5.0,-2.1,2,53.0,https://en.wikipedia.org/wiki/2022%E2%80%932023_opinion_polling_for_the_2026_Israeli_legislative_election,2023-05-30,,,,,,,,,
1 Jun 2023,Panels Politics,Maariv[74],26.0,15.0,6.0,5.0,28.0,9.0,7.0,6.0,5.0,5.0,8.0,8.0,-2.2,2,53.0,https://en.wikipedia.org/wiki/2022%E2%80%932023_opinion_polling_for_the_2026_Israeli_legislative_election,2023-06-01,,,,,,,,,
1 Jun 2023,Panels Politics,Maariv[74],26.0,18.0,6.0,4.0,29.0,9.0,7.0,6.0,5.0,6.0,-2.6,4.0,-2.2,3,52.0,https://en.wikipedia.org/wiki/2022%E2%80%932023_opinion_polling_for_the_2026_Israeli_legislative_election,2023-06-01,,,,,,,,,
1 Jun 2023,Midgam,Arutz Sheva[73],26.0,18.0,5.0,6.0,28.0,10.0,7.0,6.0,6.0,4.0,,4.0,,2,54.0,https://en.wikipedia.org/wiki/2022%E2%80%932023_opinion_polling_for_the_2026_Israeli_legislative_election,2023-06-01,,,,,,,,,
8 Jun 2023,Panels Politics,Maariv[72],26.0,18.0,6.0,4.0,31.0,9.0,7.0,6.0,5.0,5.0,-2.0,4.0,-1.8,5,52.0,https://en.wikipedia.org/wiki/2022%E2%80%932023_opinion_polling_for_the_2026_Israeli_legislative_election,2023-06-08,,,,,,,,,
8 Jun 2023,Direct Polls,Channel 14[71],31.0,15.0,5.0,5.0,26.0,10.0,7.0,7.0,5.0,5.0,-1.8,4.0,-2.6,5,58.0,https://en.wikipedia.org/wiki/2022%E2%80%932023_opinion_polling_for_the_2026_Israeli_legislative_election,2023-06-08,,,,,,,,,
11 Jun 2023,Camil Fuchs,Channel 13[70],24.0,17.0,6.0,5.0,27.0,10.0,7.0,5.0,6.0,6.0,7.0,7.0,,3,52.0,https://en.wikipedia.org/wiki/2022%E2%80%932023_opinion_polling_for_the_2026_Israeli_legislative_election,2023-06-11,,,,,,,,,
11 Jun 2023,Camil Fuchs,Channel 13[70],24.0,19.0,6.0,5.0,28.0,10.0,7.0,5.0,6.0,6.0,,4.0,,4,52.0,https://en.wikipedia.org/wiki/2022%E2%80%932023_opinion_polling_for_the_2026_Israeli_legislative_election,2023-06-11,,,,,,,,,
12 Jun 2023,Smith Consulting,Amit Segal[69],26.0,18.0,6.0,5.0,28.0,10.0,7.0,5.0,6.0,5.0,,4.0,,2,54.0,https://en.wikipedia.org/wiki/2022%E2%80%932023_opinion_polling_for_the_2026_Israeli_legislative_election,2023-06-12,,,,,,,,,
15 Jun 2023,Panels Politics,Maariv[65],24.0,17.0,5.0,5.0,32.0,9.0,7.0,5.0,5.0,6.0,-1.7,5.0,-1.5,8,50.0,https://en.wikipedia.org/wiki/2022%E2%80%932023_opinion_polling_for_the_2026_Israeli_legislative_election,2023-06-15,,,,,,,,,
15 Jun 2023,Midgam,HaHadashot 12[68],27.0,18.0,10.0,10.0,27.0,10.0,7.0,6.0,5.0,5.0,-1.8,5.0,-2.7,Tie,54.0,https://en.wikipedia.org/wiki/2022%E2%80%932023_opinion_polling_for_the_2026_Israeli_legislative_election,2023-06-15,,,,,,,,,
15 Jun 2023,Direct Polls,Channel 14[67],28.0,14.0,5.0,6.0,28.0,10.0,7.0,8.0,5.0,5.0,-2.5,4.0,-2.6,Tie,56.0,https://en.wikipedia.org/wiki/2022%E2%80%932023_opinion_polling_for_the_2026_Israeli_legislative_election,2023-06-15,,,,,,,,,
15 Jun 2023,Camil Fuchs,Channel 13[66],24.0,17.0,5.0,5.0,28.0,9.0,7.0,6.0,6.0,5.0,,4.0,4.0,4,50.0,https://en.wikipedia.org/wiki/2022%E2%80%932023_opinion_polling_for_the_2026_Israeli_legislative_election,2023-06-15,,,,,,,,,
22 Jun 2023,Panels Politics,Maariv[64],26.0,17.0,5.0,4.0,30.0,9.0,7.0,6.0,5.0,6.0,-2.2,5.0,-2.0,4,51.0,https://en.wikipedia.org/wiki/2022%E2%80%932023_opinion_polling_for_the_2026_Israeli_legislative_election,2023-06-22,,,,,,,,,
25 Jun 2023,Midgam,HaHadashot 12[62],27.0,18.0,10.0,10.0,28.0,10.0,7.0,6.0,6.0,4.0,-1.6,4.0,-2.9,1,54.0,https://en.wikipedia.org/wiki/2022%E2%80%932023_opinion_polling_for_the_2026_Israeli_legislative_election,2023-06-25,,,,,,,,,
25 Jun 2023,Camil Fuchs,Channel 13[63],24.0,20.0,6.0,5.0,28.0,10.0,7.0,6.0,6.0,4.0,,4.0,,4,52.0,https://en.wikipedia.org/wiki/2022%E2%80%932023_opinion_polling_for_the_2026_Israeli_legislative_election,2023-06-25,,,,,,,,,
29 Jun 2023,Panels Politics,Maariv[61],27.0,19.0,5.0,5.0,28.0,9.0,7.0,5.0,5.0,6.0,-1.7,4.0,-1.95,1,53.0,https://en.wikipedia.org/wiki/2022%E2%80%932023_opinion_polling_for_the_2026_Israeli_legislative_election,2023-06-29,,,,,,,,,
29 Jun 2023,Direct Polls,Channel 14[60],30.0,14.0,5.0,5.0,28.0,10.0,7.0,8.0,5.0,4.0,-2.5,4.0,-3.0,2,57.0,https://en.wikipedia.org/wiki/2022%E2%80%932023_opinion_polling_for_the_2026_Israeli_legislative_election,2023-06-29,,,,,,,,,
5 Jul 2023,Camil Fuchs,Channel 13[59],26.0,18.0,7.0,6.0,26.0,10.0,7.0,6.0,6.0,4.0,,4.0,,Tie,56.0,https://en.wikipedia.org/wiki/2022%E2%80%932023_opinion_polling_for_the_2026_Israeli_legislative_election,2023-07-05,,,,,,,,,
5 Jul 2023,Lazar,Maariv[58],29.0,20.0,5.0,5.0,26.0,9.0,7.0,5.0,5.0,5.0,-1.4,4.0,-2.1,3,55.0,https://en.wikipedia.org/wiki/2022%E2%80%932023_opinion_polling_for_the_2026_Israeli_legislative_election,2023-07-05,,,,,,,,,
9 Jul 2023,Midgam,HaHadashot 12[57],28.0,20.0,9.0,9.0,26.0,10.0,7.0,6.0,5.0,5.0,-1.6,4.0,-2.8,2,54.0,https://en.wikipedia.org/wiki/2022%E2%80%932023_opinion_polling_for_the_2026_Israeli_legislative_election,2023-07-09,,,,,,,,,
9 Jul 2023,Kantar,Kan 11[56],28.0,17.0,9.0,9.0,29.0,10.0,7.0,6.0,5.0,5.0,,4.0,,1,54.0,https://en.wikipedia.org/wiki/2022%E2%80%932023_opinion_polling_for_the_2026_Israeli_legislative_election,2023-07-09,,,,,,,,,
13 Jul 2023,Camil Fuchs,Channel 13[55],25.0,21.0,5.0,5.0,27.0,9.0,7.0,6.0,7.0,4.0,,4.0,,2,51.0,https://en.wikipedia.org/wiki/2022%E2%80%932023_opinion_polling_for_the_2026_Israeli_legislative_election,2023-07-13,,,,,,,,,
13 Jul 2023,Lazar,Maariv[54],28.0,18.0,5.0,5.0,26.0,9.0,7.0,6.0,5.0,6.0,-1.8,5.0,-1.9,2,54.0,https://en.wikipedia.org/wiki/2022%E2%80%932023_opinion_polling_for_the_2026_Israeli_legislative_election,2023-07-13,,,,,,,,,
13 Jul 2023,Direct Polls,Channel 14[53],30.0,14.0,5.0,6.0,28.0,9.0,7.0,7.0,5.0,5.0,-2.5,4.0,-2.7,2,57.0,https://en.wikipedia.org/wiki/2022%E2%80%932023_opinion_polling_for_the_2026_Israeli_legislative_election,2023-07-13,,,,,,,,,
20 Jul 2023,Lazar,Maariv[52],28.0,17.0,5.0,5.0,29.0,9.0,7.0,5.0,5.0,5.0,-2.5,5.0,-2.1,1,54.0,https://en.wikipedia.org/wiki/2022%E2%80%932023_opinion_polling_for_the_2026_Israeli_legislative_election,2023-07-20,,,,,,,,,
20 Jul 2023,Camil Fuchs,Channel 13[51],26.0,21.0,6.0,5.0,29.0,9.0,7.0,6.0,6.0,5.0,,,,3,53.0,https://en.wikipedia.org/wiki/2022%E2%80%932023_opinion_polling_for_the_2026_Israeli_legislative_election,2023-07-20,,,,,,,,,
23 Jul 2023,Kantar,Kan 11[50],27.0,17.0,10.0,10.0,30.0,9.0,7.0,5.0,5.0,5.0,-3.1,5.0,,3,53.0,https://en.wikipedia.org/wiki/2022%E2%80%932023_opinion_polling_for_the_2026_Israeli_legislative_election,2023-07-23,,,,,,,,,
24 Jul 2023,Direct Polls,Channel 14[49],31.0,14.0,5.0,5.0,28.0,9.0,7.0,7.0,5.0,5.0,-2.5,4.0,-2.6,3,57.0,https://en.wikipedia.org/wiki/2022%E2%80%932023_opinion_polling_for_the_2026_Israeli_legislative_election,2023-07-24,,,,,,,,,
25 Jul 2023,Midgam,HaHadashot 12[47],28.0,19.0,8.0,8.0,28.0,10.0,7.0,6.0,5.0,5.0,-2.1,4.0,-2.6,Tie,53.0,https://en.wikipedia.org/wiki/2022%E2%80%932023_opinion_polling_for_the_2026_Israeli_legislative_election,2023-07-25,,,,,,,,,
25 Jul 2023,Camil Fuchs,Channel 13[48],25.0,17.0,5.0,5.0,30.0,10.0,7.0,6.0,6.0,5.0,,4.0,,5,52.0,https://en.wikipedia.org/wiki/2022%E2%80%932023_opinion_polling_for_the_2026_Israeli_legislative_election,2023-07-25,,,,,,,,,
26 Jul 2023,Lazar,Maariv[46],28.0,16.0,5.0,5.0,30.0,9.0,7.0,5.0,6.0,4.0,-2.1,5.0,-2.2,2,54.0,https://en.wikipedia.org/wiki/2022%E2%80%932023_opinion_polling_for_the_2026_Israeli_legislative_election,2023-07-26,,,,,,,,,
27 Jul 2023,Maagar Mochot,Israel Hayom[45],27.0,21.0,9.0,9.0,28.0,10.0,7.0,4.0,5.0,4.0,-2.75,5.0,-2.17,1,53.0,https://en.wikipedia.org/wiki/2022%E2%80%932023_opinion_polling_for_the_2026_Israeli_legislative_election,2023-07-27,,,,,,,,,
3 Aug 2023,Lazar,Maariv[44],27.0,16.0,5.0,5.0,30.0,9.0,7.0,5.0,6.0,5.0,-2.8,5.0,-1.8,3,53.0,https://en.wikipedia.org/wiki/2022%E2%80%932023_opinion_polling_for_the_2026_Israeli_legislative_election,2023-08-03,,,,,,,,,
3 Aug 2023,Direct Polls,Channel 14[42],30.0,16.0,5.0,5.0,25.0,10.0,7.0,7.0,5.0,5.0,-1.2,5.0,-2.6,5,57.0,https://en.wikipedia.org/wiki/2022%E2%80%932023_opinion_polling_for_the_2026_Israeli_legislative_election,2023-08-03,,,,,,,,,
4 Aug 2023,Midgam,HaHadashot 12[41],26.0,20.0,9.0,9.0,28.0,10.0,7.0,6.0,5.0,5.0,-1.6,4.0,-1.9,2,52.0,https://en.wikipedia.org/wiki/2022%E2%80%932023_opinion_polling_for_the_2026_Israeli_legislative_election,2023-08-04,,,,,,,,,
4 Aug 2023,Midgam,HaHadashot 12[41],25.0,20.0,4.0,6.0,28.0,10.0,7.0,6.0,5.0,5.0,,4.0,,3,52.0,https://en.wikipedia.org/wiki/2022%E2%80%932023_opinion_polling_for_the_2026_Israeli_legislative_election,2023-08-04,,,,,,,,,
10 Aug 2023,Lazar,Maariv[40],28.0,16.0,6.0,4.0,29.0,9.0,7.0,6.0,5.0,5.0,-1.8,5.0,-2.2,1,54.0,https://en.wikipedia.org/wiki/2022%E2%80%932023_opinion_polling_for_the_2026_Israeli_legislative_election,2023-08-10,,,,,,,,,
17 Aug 2023,Lazar,Maariv[39],28.0,15.0,5.0,5.0,31.0,10.0,7.0,5.0,5.0,5.0,-1.7,4.0,-1.4,3,55.0,https://en.wikipedia.org/wiki/2022%E2%80%932023_opinion_polling_for_the_2026_Israeli_legislative_election,2023-08-17,,,,,,,,,
25 Aug 2023,Lazar,Maariv[38],27.0,16.0,6.0,4.0,30.0,10.0,7.0,5.0,5.0,6.0,-1.6,4.0,-2.1,3,54.0,https://en.wikipedia.org/wiki/2022%E2%80%932023_opinion_polling_for_the_2026_Israeli_legislative_election,2023-08-25,,,,,,,,,
31 Aug 2023,Lazar,Maariv[37],27.0,17.0,5.0,4.0,31.0,10.0,7.0,5.0,5.0,5.0,-2.1,4.0,-2.4,4,53.0,https://en.wikipedia.org/wiki/2022%E2%80%932023_opinion_polling_for_the_2026_Israeli_legislative_election,2023-08-31,,,,,,,,,
31 Aug 2023,Direct Polls,Channel 14[36],31.0,15.0,5.0,5.0,26.0,10.0,6.0,8.0,5.0,5.0,-1.3,4.0,-2.2,5,57.0,https://en.wikipedia.org/wiki/2022%E2%80%932023_opinion_polling_for_the_2026_Israeli_legislative_election,2023-08-31,,,,,,,,,
4 Sep 2023,Camil Fuchs,Channel 13[35],25.0,20.0,6.0,5.0,26.0,10.0,7.0,6.0,6.0,5.0,,4.0,,1,53.0,https://en.wikipedia.org/wiki/2022%E2%80%932023_opinion_polling_for_the_2026_Israeli_legislative_election,2023-09-04,,,,,,,,,
6 Sep 2023,Direct Polls,Channel 14[34],30.0,15.0,6.0,5.0,28.0,10.0,7.0,7.0,4.0,4.0,-2.1,4.0,-2.0,2,58.0,https://en.wikipedia.org/wiki/2022%E2%80%932023_opinion_polling_for_the_2026_Israeli_legislative_election,2023-09-06,,,,,,,,,
7 Sep 2023,Lazar,Maariv[33],26.0,17.0,6.0,4.0,30.0,10.0,7.0,5.0,6.0,5.0,-1.8,4.0,-1.6,4,53.0,https://en.wikipedia.org/wiki/2022%E2%80%932023_opinion_polling_for_the_2026_Israeli_legislative_election,2023-09-07,,,,,,,,,
10 Sep 2023,Midgam,HaHadashot 12[32],26.0,18.0,9.0,9.0,29.0,10.0,7.0,6.0,5.0,5.0,-2.8,5.0,-1.7,3,52.0,https://en.wikipedia.org/wiki/2022%E2%80%932023_opinion_polling_for_the_2026_Israeli_legislative_election,2023-09-10,,,,,,,,,
13 Sep 2023,Camil Fuchs,Channel 13[31],25.0,18.0,6.0,5.0,28.0,10.0,7.0,6.0,6.0,5.0,,4.0,,3,53.0,https://en.wikipedia.org/wiki/2022%E2%80%932023_opinion_polling_for_the_2026_Israeli_legislative_election,2023-09-13,,,,,,,,,
14 Sep 2023,Lazar,Maariv[30],27.0,16.0,5.0,5.0,31.0,9.0,7.0,6.0,5.0,5.0,-1.7,4.0,-1.5,4,53.0,https://en.wikipedia.org/wiki/2022%E2%80%932023_opinion_polling_for_the_2026_Israeli_legislative_election,2023-09-14,,,,,,,,,
14 Sep 2023,Direct Polls,Channel 14[29],30.0,16.0,4.0,5.0,28.0,10.0,7.0,7.0,5.0,4.0,-2.0,4.0,-3.0,2,56.0,https://en.wikipedia.org/wiki/2022%E2%80%932023_opinion_polling_for_the_2026_Israeli_legislative_election,2023-09-14,,,,,,,,,
21 Sep 2023,Lazar,Maariv[28],26.0,16.0,5.0,5.0,31.0,10.0,7.0,6.0,5.0,5.0,-1.4,4.0,-1.7,5,53.0,https://en.wikipedia.org/wiki/2022%E2%80%932023_opinion_polling_for_the_2026_Israeli_legislative_election,2023-09-21,,,,,,,,,
21 Sep 2023,Direct Polls,Channel 14[27],31.0,16.0,5.0,5.0,27.0,10.0,7.0,6.0,5.0,4.0,-1.8,4.0,-2.6,4,58.0,https://en.wikipedia.org/wiki/2022%E2%80%932023_opinion_polling_for_the_2026_Israeli_legislative_election,2023-09-21,,,,,,,,,
26 Sep 2023,Camil Fuchs,Channel 13[24],26.0,16.0,6.0,4.0,27.0,10.0,7.0,6.0,5.0,5.0,,4.0,4.0,1,53.0,https://en.wikipedia.org/wiki/2022%E2%80%932023_opinion_polling_for_the_2026_Israeli_legislative_election,2023-09-26,,,,,,,,,
26 Sep 2023,Kantar,Kan 11[26],27.0,18.0,9.0,9.0,30.0,10.0,7.0,5.0,5.0,5.0,-2.9,4.0,-1.8,3,53.0,https://en.wikipedia.org/wiki/2022%E2%80%932023_opinion_polling_for_the_2026_Israeli_legislative_election,2023-09-26,,,,,,,,,
26 Sep 2023,Midgam,HaHadashot 12[25],28.0,18.0,9.0,9.0,27.0,10.0,7.0,6.0,5.0,5.0,-2.5,5.0,-2.8,1,54.0,https://en.wikipedia.org/wiki/2022%E2%80%932023_opinion_polling_for_the_2026_Israeli_legislative_election,2023-09-26,,,,,,,,,
28 Sep 2023,Lazar,Maariv[23],28.0,17.0,5.0,4.0,28.0,10.0,7.0,6.0,5.0,5.0,-1.1,5.0,-1.5,Tie,54.0,https://en.wikipedia.org/wiki/2022%E2%80%932023_opinion_polling_for_the_2026_Israeli_legislative_election,2023-09-28,,,,,,,,,
5 Oct 2023,Lazar,Maariv[22],28.0,16.0,6.0,4.0,29.0,10.0,7.0,6.0,5.0,5.0,-2.1,4.0,-1.9,1,55.0,https://en.wikipedia.org/wiki/2022%E2%80%932023_opinion_polling_for_the_2026_Israeli_legislative_election,2023-10-05,,,,,,,,,
12 Oct 2023,Lazar,Maariv[20],19.0,15.0,4.0,5.0,41.0,7.0,7.0,6.0,5.0,5.0,-1.3,6.0,-1.5,22,42.0,https://en.wikipedia.org/wiki/2022%E2%80%932023_opinion_polling_for_the_2026_Israeli_legislative_election,2023-10-12,,,,,,,,,
19 Oct 2023,Lazar,Maariv[18],18.0,15.0,5.0,5.0,40.0,8.0,7.0,7.0,4.0,5.0,-2.0,6.0,-1.8,22,43.0,https://en.wikipedia.org/wiki/2022%E2%80%932023_opinion_polling_for_the_2026_Israeli_legislative_election,2023-10-19,,,,,,,,,
26 Oct 2023,Lazar,Maariv[17],19.0,17.0,5.0,4.0,36.0,8.0,7.0,8.0,5.0,5.0,-1.2,6.0,-1.2,17,43.0,https://en.wikipedia.org/wiki/2022%E2%80%932023_opinion_polling_for_the_2026_Israeli_legislative_election,2023-10-26,,,,,,,,,
2 Nov 2023,Lazar,Maariv[16],18.0,15.0,4.0,5.0,39.0,8.0,7.0,8.0,5.0,5.0,-1.4,6.0,-1.0,21,42.0,https://en.wikipedia.org/wiki/2022%E2%80%932023_opinion_polling_for_the_2026_Israeli_legislative_election,2023-11-02,,,,,,,,,
9 Nov 2023,Lazar,Maariv[15],18.0,14.0,4.0,5.0,40.0,9.0,7.0,9.0,5.0,5.0,-1.1,4.0,-1.0,22,43.0,https://en.wikipedia.org/wiki/2022%E2%80%932023_opinion_polling_for_the_2026_Israeli_legislative_election,2023-11-09,,,,,,,,,
16 Nov 2023,Midgam,HaHadashot 12[13],16.0,16.0,,,29.0,,,11.0,5.0,5.0,9.0,9.0,,13,45.0,https://en.wikipedia.org/wiki/2022%E2%80%932023_opinion_polling_for_the_2026_Israeli_legislative_election,2023-11-16,,,,,,,,,
16 Nov 2023,Lazar,Maariv[14],17.0,14.0,4.0,6.0,42.0,8.0,7.0,8.0,5.0,5.0,-1.4,4.0,-1.3,25,42.0,https://en.wikipedia.org/wiki/2022%E2%80%932023_opinion_polling_for_the_2026_Israeli_legislative_election,2023-11-16,,,,,,,,,
16 Nov 2023,Midgam,HaHadashot 12[13],17.0,15.0,4.0,7.0,36.0,10.0,7.0,9.0,5.0,5.0,-1.5,5.0,-1.7,19,45.0,https://en.wikipedia.org/wiki/2022%E2%80%932023_opinion_polling_for_the_2026_Israeli_legislative_election,2023-11-16,,,,,,,,,
23 Nov 2023,Lazar,Maariv[12],18.0,13.0,-2.5,7.0,43.0,9.0,7.0,8.0,5.0,5.0,-2.2,5.0,-1.3,25,41.0,https://en.wikipedia.org/wiki/2022%E2%80%932023_opinion_polling_for_the_2026_Israeli_legislative_election,2023-11-23,,,,,,,,,
1 Dec 2023,Lazar,Maariv[11],20.0,14.0,-2.8,7.0,40.0,9.0,7.0,10.0,4.0,5.0,-1.6,4.0,-1.2,20,43.0,https://en.wikipedia.org/wiki/2022%E2%80%932023_opinion_polling_for_the_2026_Israeli_legislative_election,2023-12-01,,,,,,,,,
7 Dec 2023,Lazar,Maariv[10],18.0,15.0,4.0,6.0,38.0,9.0,7.0,10.0,4.0,5.0,-1.4,4.0,-1.4,20,44.0,https://en.wikipedia.org/wiki/2022%E2%80%932023_opinion_polling_for_the_2026_Israeli_legislative_election,2023-12-07,,,,,,,,,
11 Dec 2023,Camil Fuchs,Channel 13[9],18.0,15.0,5.0,7.0,37.0,9.0,7.0,8.0,5.0,5.0,,4.0,,19,46.0,https://en.wikipedia.org/wiki/2022%E2%80%932023_opinion_polling_for_the_2026_Israeli_legislative_election,2023-12-11,,,,,,,,,
14 Dec 2023,Lazar,Maariv[8],17.0,14.0,4.0,7.0,39.0,8.0,7.0,9.0,5.0,5.0,-2.2,5.0,-1.8,22,43.0,https://en.wikipedia.org/wiki/2022%E2%80%932023_opinion_polling_for_the_2026_Israeli_legislative_election,2023-12-14,,,,,,,,,
18 Dec 2023,Midgam,HaHadashot 12[7],18.0,15.0,-2.4,8.0,37.0,11.0,7.0,9.0,5.0,5.0,-1.8,5.0,-1.9,19,44.0,https://en.wikipedia.org/wiki/2022%E2%80%932023_opinion_polling_for_the_2026_Israeli_legislative_election,2023-12-18,,,,,,,,,
21 Dec 2023,Lazar,Maariv[6],18.0,13.0,4.0,7.0,38.0,9.0,7.0,10.0,5.0,5.0,-1.2,4.0,-1.5,20,45.0,https://en.wikipedia.org/wiki/2022%E2%80%932023_opinion_polling_for_the_2026_Israeli_legislative_election,2023-12-21,,,,,,,,,
21 Dec 2023,Direct Polls,Channel 14[4][5],27.0,14.0,4.0,8.0,28.0,10.0,7.0,11.0,6.0,5.0,-0.5,-2.9,-1.6,1,56.0,https://en.wikipedia.org/wiki/2022%E2%80%932023_opinion_polling_for_the_2026_Israeli_legislative_election,2023-12-21,,,,,,,,,
28 Dec 2023,Camil Fuchs,Channel 13[2],16.0,15.0,5.0,8.0,38.0,9.0,7.0,8.0,6.0,4.0,,4.0,,22,45.0,https://en.wikipedia.org/wiki/2022%E2%80%932023_opinion_polling_for_the_2026_Israeli_legislative_election,2023-12-28,,,,,,,,,
28 Dec 2023,Lazar,Maariv[3],17.0,13.0,4.0,7.0,38.0,9.0,7.0,11.0,5.0,5.0,-1.3,4.0,-1.4,21,44.0,https://en.wikipedia.org/wiki/2022%E2%80%932023_opinion_polling_for_the_2026_Israeli_legislative_election,2023-12-28,,,,,,,,,
4 Jul 2024,Direct Polls,Channel 14[57],24.0,13.0,6.0,9.0,17.0,10.0,8.0,13.0,6.0,4.0,,,-2.5,7,57.0,https://en.wikipedia.org/wiki/2024_opinion_polling_for_the_2026_Israeli_legislative_election,2024-07-04,10,-0.9,,,,,,,
7 Jul 2024,Maagar Mochot,Channel 13[66],21.0,13.0,4.0,10.0,25.0,10.0,8.0,12.0,4.0,4.0,,,-2.7,4,53.0,https://en.wikipedia.org/wiki/2024_opinion_polling_for_the_2026_Israeli_legislative_election,2024-07-07,9,-2.2,,,,,,,
9 Jul 2024,Timor Group,i24 News[65],21.0,15.0,,10.0,22.0,11.0,8.0,14.0,6.0,5.0,,,,1,50.0,https://en.wikipedia.org/wiki/2024_opinion_polling_for_the_2026_Israeli_legislative_election,2024-07-09,8,,,,,,,,
11 Jul 2024,Lazar,Maariv[64],20.0,13.0,4.0,10.0,24.0,9.0,7.0,14.0,5.0,5.0,,,-1.4,4,50.0,https://en.wikipedia.org/wiki/2024_opinion_polling_for_the_2026_Israeli_legislative_election,2024-07-11,9,-1.7,,,,,,,
17 Jul 2024,Lazar,Maariv[62],21.0,13.0,4.0,10.0,23.0,9.0,7.0,14.0,4.0,6.0,,,-1.8,2,51.0,https://en.wikipedia.org/wiki/2024_opinion_polling_for_the_2026_Israeli_legislative_election,2024-07-17,9,-2.3,,,,,,,
25 Jul 2024,Maagar Mochot,Channel 13[61],21.0,13.0,5.0,11.0,23.0,9.0,7.0,12.0,5.0,6.0,,,-2.9,2,53.0,https://en.wikipedia.org/wiki/2024_opinion_polling_for_the_2026_Israeli_legislative_election,2024-07-25,8,-2.6,,,,,,,
26 Jul 2024,Lazar,Maariv[60],23.0,14.0,4.0,9.0,23.0,10.0,7.0,12.0,4.0,6.0,,,-2.2,Tie,53.0,https://en.wikipedia.org/wiki/2024_opinion_polling_for_the_2026_Israeli_legislative_election,2024-07-26,8,-1.9,,,,,,,
31 Jul 2024,Lazar,Maariv[59],21.0,13.0,4.0,10.0,22.0,10.0,7.0,15.0,5.0,5.0,,,-1.8,1,52.0,https://en.wikipedia.org/wiki/2024_opinion_polling_for_the_2026_Israeli_legislative_election,2024-07-31,8,-1.6,,,,,,,
8 Aug 2024,Lazar,Maariv[58],22.0,13.0,4.0,10.0,20.0,10.0,7.0,15.0,5.0,5.0,,,-2.0,2,53.0,https://en.wikipedia.org/wiki/2024_opinion_polling_for_the_2026_Israeli_legislative_election,2024-08-08,9,-2.5,,,,,,,
8 Aug 2024,Direct Polls,Channel 14[57],28.0,13.0,5.0,7.0,16.0,10.0,8.0,14.0,6.0,4.0,,,-2.7,12,58.0,https://en.wikipedia.org/wiki/2024_opinion_polling_for_the_2026_Israeli_legislative_election,2024-08-08,9,-0.7,,,,,,,
12 Aug 2024,Lazar,Maariv[56],21.0,10.0,-1.9,9.0,15.0,9.0,7.0,11.0,4.0,5.0,,,-1.4,3,46.0,https://en.wikipedia.org/wiki/2024_opinion_polling_for_the_2026_Israeli_legislative_election,2024-08-12,7,-1.7,24.0,,,,,,
12 Aug 2024,Lazar,Maariv[56],23.0,12.0,4.0,10.0,24.0,9.0,7.0,14.0,4.0,5.0,,,-1.4,1,53.0,https://en.wikipedia.org/wiki/2024_opinion_polling_for_the_2026_Israeli_legislative_election,2024-08-12,8,-2.9,,,,,,,
15 Aug 2024,Direct Polls,Channel 14[55],28.0,12.0,4.0,8.0,16.0,10.0,8.0,14.0,6.0,4.0,,,-2.7,12,58.0,https://en.wikipedia.org/wiki/2024_opinion_polling_for_the_2026_Israeli_legislative_election,2024-08-15,10,-0.8,,,,,,,
16 Aug 2024,Lazar,Maariv[54],22.0,14.0,4.0,9.0,21.0,9.0,7.0,15.0,4.0,6.0,,,-1.7,1,51.0,https://en.wikipedia.org/wiki/2024_opinion_polling_for_the_2026_Israeli_legislative_election,2024-08-16,9,-2.4,,,,,,,
22 Aug 2024,Lazar,Maariv[53],22.0,15.0,4.0,10.0,20.0,9.0,7.0,14.0,5.0,5.0,,,-1.8,2,52.0,https://en.wikipedia.org/wiki/2024_opinion_polling_for_the_2026_Israeli_legislative_election,2024-08-22,9,-1.9,,,,,,,
22 Aug 2024,Midgam,HaHadashot 12[52],19.0,11.0,-2.5,7.0,13.0,10.0,8.0,10.0,5.0,5.0,,,-2.5,2,44.0,https://en.wikipedia.org/wiki/2024_opinion_polling_for_the_2026_Israeli_legislative_election,2024-08-22,11,-1.0,21.0,,,,,,
22 Aug 2024,Midgam,HaHadashot 12[52],22.0,15.0,-2.8,8.0,22.0,10.0,8.0,14.0,5.0,5.0,,,-2.5,Tie,48.0,https://en.wikipedia.org/wiki/2024_opinion_polling_for_the_2026_Israeli_legislative_election,2024-08-22,11,-2.2,,,,,,,
27 Aug 2024,Maagar Mochot,i24 News[51],22.0,11.0,5.0,8.0,21.0,9.0,8.0,14.0,5.0,6.0,,,-2.0,1,52.0,https://en.wikipedia.org/wiki/2024_opinion_polling_for_the_2026_Israeli_legislative_election,2024-08-27,11,-1.0,,,,,,,
27 Aug 2024,Maagar Mochot,i24 News[51],18.0,7.0,5.0,6.0,12.0,9.0,8.0,9.0,4.0,6.0,,,-1.0,9,46.0,https://en.wikipedia.org/wiki/2024_opinion_polling_for_the_2026_Israeli_legislative_election,2024-08-27,9,-1.0,27.0,,,,,,
29 Aug 2024,Direct Polls,Channel 14[50],30.0,11.0,4.0,6.0,17.0,10.0,8.0,13.0,5.0,5.0,,,-2.4,13,58.0,https://en.wikipedia.org/wiki/2024_opinion_polling_for_the_2026_Israeli_legislative_election,2024-08-29,11,-1.8,,,,,,,
30 Aug 2024,Lazar,Maariv[49],19.0,11.0,4.0,8.0,14.0,9.0,7.0,9.0,4.0,6.0,,,,4,47.0,https://en.wikipedia.org/wiki/2024_opinion_polling_for_the_2026_Israeli_legislative_election,2024-08-30,6,,23.0,,,,,,
30 Aug 2024,Lazar,Maariv[49],21.0,14.0,4.0,9.0,21.0,9.0,8.0,15.0,4.0,6.0,,,-1.8,Tie,51.0,https://en.wikipedia.org/wiki/2024_opinion_polling_for_the_2026_Israeli_legislative_election,2024-08-30,9,-1.9,,,,,,,
4 Sep 2024,Kantar,Kan 11[48],22.0,14.0,4.0,8.0,23.0,10.0,7.0,14.0,5.0,5.0,,,,1,51.0,https://en.wikipedia.org/wiki/2024_opinion_polling_for_the_2026_Israeli_legislative_election,2024-09-04,8,,,,,,,,
5 Sep 2024,Lazar,Maariv[47],23.0,13.0,4.0,9.0,22.0,9.0,7.0,15.0,4.0,6.0,,,-1.4,1,52.0,https://en.wikipedia.org/wiki/2024_opinion_polling_for_the_2026_Israeli_legislative_election,2024-09-05,8,-1.3,,,,,,,
5 Sep 2024,Direct Polls,Channel 14[46],29.0,10.0,5.0,7.0,18.0,9.0,8.0,13.0,6.0,4.0,,,-2.2,11,58.0,https://en.wikipedia.org/wiki/2024_opinion_polling_for_the_2026_Israeli_legislative_election,2024-09-05,11,-1.2,,,,,,,
9 Sep 2024,Midgam,HaHadashot 12[45],20.0,11.0,-2.5,8.0,13.0,10.0,8.0,9.0,5.0,5.0,,,-2.4,Tie,46.0,https://en.wikipedia.org/wiki/2024_opinion_polling_for_the_2026_Israeli_legislative_election,2024-09-09,11,-0.3,20.0,,,,,,
9 Sep 2024,Midgam,HaHadashot 12[45],22.0,15.0,-2.7,9.0,21.0,10.0,8.0,14.0,5.0,5.0,,,-2.4,1,49.0,https://en.wikipedia.org/wiki/2024_opinion_polling_for_the_2026_Israeli_legislative_election,2024-09-09,11,-1.2,,,,,,,
12 Sep 2024,Lazar,Maariv[44],24.0,15.0,4.0,9.0,21.0,9.0,7.0,14.0,4.0,5.0,,,-1.7,3,53.0,https://en.wikipedia.org/wiki/2024_opinion_polling_for_the_2026_Israeli_legislative_election,2024-09-12,8,-1.2,,,,,,,
16 Sep 2024,Maagar Mochot,Channel 13[43],21.0,13.0,5.0,9.0,22.0,10.0,7.0,14.0,6.0,5.0,,,,1,52.0,https://en.wikipedia.org/wiki/2024_opinion_polling_for_the_2026_Israeli_legislative_election,2024-09-16,8,,,,,,,,
19 Sep 2024,Lazar,Maariv[42],20.0,11.0,4.0,8.0,13.0,8.0,7.0,11.0,4.0,5.0,,,,1,47.0,https://en.wikipedia.org/wiki/2024_opinion_polling_for_the_2026_Israeli_legislative_election,2024-09-19,8,,21.0,,,,,,
19 Sep 2024,Lazar,Maariv[42],24.0,15.0,4.0,8.0,21.0,9.0,7.0,14.0,4.0,5.0,,,-1.8,3,52.0,https://en.wikipedia.org/wiki/2024_opinion_polling_for_the_2026_Israeli_legislative_election,2024-09-19,9,-1.6,,,,,,,
19 Sep 2024,Direct Polls,Channel 14[40][41],30.0,10.0,5.0,6.0,17.0,10.0,8.0,13.0,5.0,5.0,,,-2.1,13,59.0,https://en.wikipedia.org/wiki/2024_opinion_polling_for_the_2026_Israeli_legislative_election,2024-09-19,11,-0.2,,,,,,,
26 Sep 2024,Lazar,Maariv[39],20.0,12.0,4.0,8.0,12.0,9.0,7.0,10.0,4.0,6.0,,,,1,48.0,https://en.wikipedia.org/wiki/2024_opinion_polling_for_the_2026_Israeli_legislative_election,2024-09-26,7,,21.0,,,,,,
26 Sep 2024,Lazar,Maariv[39],25.0,15.0,4.0,8.0,19.0,10.0,6.0,14.0,4.0,6.0,,,-2.2,6,53.0,https://en.wikipedia.org/wiki/2024_opinion_polling_for_the_2026_Israeli_legislative_election,2024-09-26,9,-1.8,,,,,,,
26 Sep 2024,Direct Polls,Channel 14[37][38],30.0,9.0,5.0,7.0,15.0,10.0,8.0,15.0,6.0,4.0,,,-2.5,15,60.0,https://en.wikipedia.org/wiki/2024_opinion_polling_for_the_2026_Israeli_legislative_election,2024-09-26,11,-0.4,,,,,,,
29 Sep 2024,Midgam,HaHadashot 12[36],23.0,12.0,-2.0,5.0,13.0,10.0,8.0,9.0,5.0,5.0,,,-2.2,3,46.0,https://en.wikipedia.org/wiki/2024_opinion_polling_for_the_2026_Israeli_legislative_election,2024-09-29,10,-0.4,20.0,,,,,,
29 Sep 2024,Midgam,HaHadashot 12[36],25.0,15.0,-2.0,6.0,21.0,10.0,8.0,14.0,5.0,5.0,,,-2.2,4,49.0,https://en.wikipedia.org/wiki/2024_opinion_polling_for_the_2026_Israeli_legislative_election,2024-09-29,11,-2.4,,,,,,,
29 Sep 2024,Direct Polls,Channel 14[35],31.0,9.0,5.0,6.0,15.0,11.0,8.0,15.0,5.0,5.0,,,-2.3,16,61.0,https://en.wikipedia.org/wiki/2024_opinion_polling_for_the_2026_Israeli_legislative_election,2024-09-29,10,-0.6,,,,,,,
30 Sep 2024,Lazar,Maariv[33],26.0,14.0,4.0,7.0,19.0,10.0,7.0,14.0,5.0,5.0,,,-1.4,7,54.0,https://en.wikipedia.org/wiki/2024_opinion_polling_for_the_2026_Israeli_legislative_election,2024-09-30,9,-1.2,,,,,,,
30 Sep 2024,Lazar,Maariv[33],23.0,11.0,4.0,7.0,13.0,8.0,7.0,10.0,5.0,5.0,,,,3,49.0,https://en.wikipedia.org/wiki/2024_opinion_polling_for_the_2026_Israeli_legislative_election,2024-09-30,7,,20.0,,,,,,
10 Oct 2024,Lazar,Maariv[32],24.0,14.0,4.0,7.0,20.0,10.0,7.0,14.0,5.0,5.0,,,-1.8,4,52.0,https://en.wikipedia.org/wiki/2024_opinion_polling_for_the_2026_Israeli_legislative_election,2024-10-10,10,-2.1,,,,,,,
15 Oct 2024,Direct Polls,Channel 14[31],33.0,8.0,4.0,7.0,15.0,10.0,8.0,15.0,5.0,5.0,,,-2.2,18,62.0,https://en.wikipedia.org/wiki/2024_opinion_polling_for_the_2026_Israeli_legislative_election,2024-10-15,10,-0.7,,,,,,,
18 Oct 2024,Lazar,Maariv[30],23.0,14.0,4.0,7.0,20.0,10.0,7.0,14.0,5.0,6.0,,,-1.2,3,51.0,https://en.wikipedia.org/wiki/2024_opinion_polling_for_the_2026_Israeli_legislative_election,2024-10-18,10,-1.5,,,,,,,
18 Oct 2024,Lazar,Maariv[30],18.0,11.0,4.0,7.0,13.0,10.0,7.0,9.0,5.0,5.0,,,,5,46.0,https://en.wikipedia.org/wiki/2024_opinion_polling_for_the_2026_Israeli_legislative_election,2024-10-18,8,,23.0,,,,,,
19 Oct 2024,Maagar Mochot,Channel 13[29],25.0,13.0,5.0,8.0,21.0,10.0,7.0,13.0,4.0,5.0,,,,4,55.0,https://en.wikipedia.org/wiki/2024_opinion_polling_for_the_2026_Israeli_legislative_election,2024-10-19,9,,,,,,,,
23 Oct 2024,Lazar,Maariv[28],25.0,14.0,-2.2,8.0,21.0,10.0,7.0,15.0,5.0,5.0,,,-1.6,4,50.0,https://en.wikipedia.org/wiki/2024_opinion_polling_for_the_2026_Israeli_legislative_election,2024-10-23,10,-1.9,,,,,,,
27 Oct 2024,Direct Polls,Channel 14[27],33.0,9.0,5.0,6.0,14.0,10.0,8.0,14.0,5.0,5.0,,,-2.0,19,62.0,https://en.wikipedia.org/wiki/2024_opinion_polling_for_the_2026_Israeli_legislative_election,2024-10-27,11,-1.0,,,,,,,
28 Oct 2024,Midgam,HaHadashot 12[26],26.0,13.0,-2.9,8.0,22.0,10.0,8.0,13.0,5.0,5.0,,,-2.6,4,52.0,https://en.wikipedia.org/wiki/2024_opinion_polling_for_the_2026_Israeli_legislative_election,2024-10-28,10,-1.0,,,,,,,
28 Oct 2024,Midgam,HaHadashot 12[26],24.0,10.0,-2.8,7.0,13.0,10.0,8.0,8.0,5.0,5.0,,,-2.6,3,49.0,https://en.wikipedia.org/wiki/2024_opinion_polling_for_the_2026_Israeli_legislative_election,2024-10-28,9,-0.8,21.0,,,,,,
31 Oct 2024,Lazar,Maariv[25],19.0,10.0,,7.0,15.0,10.0,7.0,8.0,5.0,5.0,,,,5,43.0,https://en.wikipedia.org/wiki/2024_opinion_polling_for_the_2026_Israeli_legislative_election,2024-10-31,10,,24.0,,,,,,
31 Oct 2024,Lazar,Maariv[25],23.0,13.0,4.0,8.0,20.0,10.0,7.0,14.0,5.0,5.0,,,,3,52.0,https://en.wikipedia.org/wiki/2024_opinion_polling_for_the_2026_Israeli_legislative_election,2024-10-31,11,,,,,,,,
6 Nov 2024,Midgam,HaHadashot 12[24],25.0,15.0,-2.9,8.0,20.0,10.0,8.0,13.0,5.0,5.0,,,-2.8,5,51.0,https://en.wikipedia.org/wiki/2024_opinion_polling_for_the_2026_Israeli_legislative_election,2024-11-06,11,-1.3,,,,,,,
6 Nov 2024,Maagar Mochot,i24 News[23],23.0,8.0,,9.0,12.0,9.0,7.0,8.0,5.0,4.0,,,,4,48.0,https://en.wikipedia.org/wiki/2024_opinion_polling_for_the_2026_Israeli_legislative_election,2024-11-06,8,,27.0,,,,,,
6 Nov 2024,Maagar Mochot,i24 News[23],26.0,12.0,-3.0,10.0,20.0,10.0,7.0,16.0,5.0,5.0,,,-2.8,6,53.0,https://en.wikipedia.org/wiki/2024_opinion_polling_for_the_2026_Israeli_legislative_election,2024-11-06,9,-1.7,,,,,,,
6 Nov 2024,Direct Polls,Channel 14[22],33.0,8.0,5.0,6.0,16.0,10.0,8.0,14.0,5.0,5.0,,,-2.2,17,62.0,https://en.wikipedia.org/wiki/2024_opinion_polling_for_the_2026_Israeli_legislative_election,2024-11-06,10,-0.7,,,,,,,
8 Nov 2024,Lazar,Maariv[21],24.0,15.0,-2.9,8.0,19.0,10.0,7.0,14.0,5.0,5.0,,,-1.6,5,49.0,https://en.wikipedia.org/wiki/2024_opinion_polling_for_the_2026_Israeli_legislative_election,2024-11-08,13,-1.9,,,,,,,
15 Nov 2024,Lazar,Maariv[20],21.0,11.0,,7.0,13.0,9.0,7.0,7.0,5.0,5.0,,,,5,44.0,https://en.wikipedia.org/wiki/2024_opinion_polling_for_the_2026_Israeli_legislative_election,2024-11-15,9,,26.0,,,,,,
15 Nov 2024,Lazar,Maariv[20],23.0,14.0,-2.2,8.0,20.0,10.0,7.0,15.0,5.0,5.0,,,-1.8,3,48.0,https://en.wikipedia.org/wiki/2024_opinion_polling_for_the_2026_Israeli_legislative_election,2024-11-15,13,-3.0,,,,,,,
18 Nov 2024,Midgam,HaHadashot 12[19],26.0,15.0,-2.8,8.0,19.0,9.0,8.0,13.0,5.0,5.0,,,-2.4,7,51.0,https://en.wikipedia.org/wiki/2024_opinion_polling_for_the_2026_Israeli_legislative_election,2024-11-18,12,-0.9,,,,,,,
18 Nov 2024,Midgam,HaHadashot 12[19],24.0,10.0,,6.0,10.0,9.0,8.0,9.0,5.0,5.0,,,,1,47.0,https://en.wikipedia.org/wiki/2024_opinion_polling_for_the_2026_Israeli_legislative_election,2024-11-18,11,,23.0,,,,,,
19 Nov 2024,Direct Polls,Channel 14[17][18],33.0,8.0,4.0,6.0,14.0,11.0,8.0,14.0,5.0,5.0,,,-2.2,19,62.0,https://en.wikipedia.org/wiki/2024_opinion_polling_for_the_2026_Israeli_legislative_election,2024-11-19,12,-0.7,,,,,,,
21 Nov 2024,Lazar,Maariv[16],25.0,15.0,-3.0,8.0,19.0,9.0,8.0,14.0,5.0,5.0,,,-2.4,6,50.0,https://en.wikipedia.org/wiki/2024_opinion_polling_for_the_2026_Israeli_legislative_election,2024-11-21,12,-0.6,,,,,,,
21 Nov 2024,Lazar,Maariv[16],21.0,12.0,,7.0,14.0,8.0,8.0,7.0,5.0,5.0,,,,3,44.0,https://en.wikipedia.org/wiki/2024_opinion_polling_for_the_2026_Israeli_legislative_election,2024-11-21,9,,24.0,,,,,,
26 Nov 2024,Midgam,HaHadashot 12[15],23.0,10.0,-2.0,7.0,10.0,9.0,8.0,9.0,5.0,5.0,,,-1.7,Tie,47.0,https://en.wikipedia.org/wiki/2024_opinion_polling_for_the_2026_Israeli_legislative_election,2024-11-26,11,-0.6,23.0,,,,,,
26 Nov 2024,Midgam,HaHadashot 12[15],25.0,15.0,-2.3,9.0,18.0,9.0,8.0,14.0,5.0,5.0,,,-1.7,7,51.0,https://en.wikipedia.org/wiki/2024_opinion_polling_for_the_2026_Israeli_legislative_election,2024-11-26,12,-1.1,,,,,,,
28 Nov 2024,Direct Polls,Channel 14[13][14],31.0,8.0,4.0,8.0,14.0,10.0,8.0,15.0,5.0,5.0,,,-1.9,16,61.0,https://en.wikipedia.org/wiki/2024_opinion_polling_for_the_2026_Israeli_legislative_election,2024-11-28,12,-0.3,,,,,,,
29 Nov 2024,Lazar,Maariv[12],21.0,12.0,,7.0,13.0,8.0,8.0,7.0,5.0,5.0,,,,4,44.0,https://en.wikipedia.org/wiki/2024_opinion_polling_for_the_2026_Israeli_legislative_election,2024-11-29,9,,25.0,,,,,,
29 Nov 2024,Lazar,Maariv[12],24.0,15.0,4.0,7.0,19.0,9.0,7.0,14.0,5.0,5.0,,,-1.7,5,51.0,https://en.wikipedia.org/wiki/2024_opinion_polling_for_the_2026_Israeli_legislative_election,2024-11-29,11,-1.1,,,,,,,
5 Dec 2024,Lazar,Maariv[11],20.0,11.0,-2.5,7.0,13.0,8.0,7.0,7.0,5.0,5.0,,,-2.1,7,42.0,https://en.wikipedia.org/wiki/2024_opinion_polling_for_the_2026_Israeli_legislative_election,2024-12-05,10,-1.4,27.0,,,,,,
5 Dec 2024,Lazar,Maariv[11],22.0,15.0,4.0,7.0,19.0,9.0,8.0,14.0,5.0,5.0,,,-2.0,3,50.0,https://en.wikipedia.org/wiki/2024_opinion_polling_for_the_2026_Israeli_legislative_election,2024-12-05,12,-1.9,,,,,,,
11 Dec 2024,Maagar Mochot,Channel 13[10],24.0,8.0,5.0,8.0,9.0,9.0,7.0,7.0,4.0,5.0,,,,2,53.0,https://en.wikipedia.org/wiki/2024_opinion_polling_for_the_2026_Israeli_legislative_election,2024-12-11,8,,26.0,,,,,,
11 Dec 2024,Maagar Mochot,Channel 13[10],26.0,13.0,5.0,9.0,19.0,10.0,7.0,12.0,4.0,5.0,,,-2.9,7,57.0,https://en.wikipedia.org/wiki/2024_opinion_polling_for_the_2026_Israeli_legislative_election,2024-12-11,10,-0.8,,,,,,,
12 Dec 2024,Midgam,HaHadashot 12[8],23.0,11.0,,8.0,11.0,9.0,8.0,8.0,5.0,5.0,,,,1,48.0,https://en.wikipedia.org/wiki/2024_opinion_polling_for_the_2026_Israeli_legislative_election,2024-12-12,10,,22.0,,,,,,
12 Dec 2024,Direct Polls,Channel 14[7],34.0,10.0,5.0,6.0,14.0,10.0,8.0,11.0,5.0,5.0,,,-2.2,20,63.0,https://en.wikipedia.org/wiki/2024_opinion_polling_for_the_2026_Israeli_legislative_election,2024-12-12,12,-0.2,,,,,,,
12 Dec 2024,Midgam,HaHadashot 12[8],25.0,16.0,-2.1,9.0,19.0,9.0,8.0,13.0,5.0,5.0,,,-2.4,6,51.0,https://en.wikipedia.org/wiki/2024_opinion_polling_for_the_2026_Israeli_legislative_election,2024-12-12,11,-1.0,,,,,,,
12 Dec 2024,Lazar,Maariv[9],25.0,14.0,-2.4,8.0,19.0,10.0,7.0,14.0,5.0,5.0,,,-2.0,6,50.0,https://en.wikipedia.org/wiki/2024_opinion_polling_for_the_2026_Israeli_legislative_election,2024-12-12,13,-0.6,,,,,,,
12 Dec 2024,Lazar,Maariv[9],21.0,11.0,-1.3,8.0,13.0,8.0,7.0,8.0,4.0,6.0,,,,4,44.0,https://en.wikipedia.org/wiki/2024_opinion_polling_for_the_2026_Israeli_legislative_election,2024-12-12,9,-0.4,25.0,,,,,,
13 Dec 2024,Kantar,Kan 11[6],24.0,9.0,-1.8,8.0,10.0,10.0,8.0,9.0,5.0,5.0,,,-2.0,2,50.0,https://en.wikipedia.org/wiki/2024_opinion_polling_for_the_2026_Israeli_legislative_election,2024-12-13,10,-1.5,22.0,,,,,,
13 Dec 2024,Kantar,Kan 11[6],26.0,15.0,-2.8,8.0,19.0,10.0,8.0,14.0,5.0,5.0,,,-2.1,7,52.0,https://en.wikipedia.org/wiki/2024_opinion_polling_for_the_2026_Israeli_legislative_election,2024-12-13,10,-1.3,,,,,,,
19 Dec 2024,Lazar,Maariv[5],21.0,11.0,-1.3,8.0,13.0,8.0,7.0,8.0,4.0,6.0,,,,4,44.0,https://en.wikipedia.org/wiki/2024_opinion_polling_for_the_2026_Israeli_legislative_election,2024-12-19,9,-0.4,25.0,,,,,,
19 Dec 2024,Lazar,Maariv[5],24.0,15.0,-1.6,9.0,20.0,9.0,7.0,14.0,4.0,6.0,,,-2.2,4,49.0,https://en.wikipedia.org/wiki/2024_opinion_polling_for_the_2026_Israeli_legislative_election,2024-12-19,12,-1.8,,,,,,,
25 Dec 2024,Midgam,HaHadashot 12[4],22.0,11.0,-3.0,8.0,12.0,9.0,7.0,10.0,5.0,5.0,,,-3.0,1,46.0,https://en.wikipedia.org/wiki/2024_opinion_polling_for_the_2026_Israeli_legislative_election,2024-12-25,10,-0.5,21.0,,,,,,
25 Dec 2024,Midgam,HaHadashot 12[4],23.0,15.0,4.0,8.0,19.0,9.0,7.0,14.0,5.0,5.0,,,-3.0,4,51.0,https://en.wikipedia.org/wiki/2024_opinion_polling_for_the_2026_Israeli_legislative_election,2024-12-25,11,-0.6,,,,,,,
26 Dec 2024,Direct Polls,Channel 14[3],32.0,9.0,4.0,8.0,13.0,10.0,8.0,13.0,5.0,5.0,,,-2.4,19,62.0,https://en.wikipedia.org/wiki/2024_opinion_polling_for_the_2026_Israeli_legislative_election,2024-12-26,13,-0.5,,,,,,,
27 Dec 2024,Lazar,Maariv[2],21.0,11.0,-1.8,7.0,13.0,9.0,7.0,8.0,5.0,6.0,,,,3,44.0,https://en.wikipedia.org/wiki/2024_opinion_polling_for_the_2026_Israeli_legislative_election,2024-12-27,9,-0.9,24.0,,,,,,
27 Dec 2024,Lazar,Maariv[2],23.0,16.0,,8.0,20.0,10.0,7.0,15.0,4.0,6.0,,,,3,48.0,https://en.wikipedia.org/wiki/2024_opinion_polling_for_the_2026_Israeli_legislative_election,2024-12-27,11,,,,,,,,
1 Jul 2025,Maagar Mochot,Channel 13[122],25.0,7.0,4.0,8.0,,10.0,7.0,10.0,5.0,5.0,,,,4,54.0,https://en.wikipedia.org/wiki/2025_opinion_polling_for_the_2026_Israeli_legislative_election,2025-07-01,9,,21.0,-2.4,,9.0,,,
1 Jul 2025,Maagar Mochot,Channel 13[122],25.0,8.0,4.0,7.0,,10.0,7.0,12.0,5.0,5.0,,,-3.1,2,53.0,https://en.wikipedia.org/wiki/2025_opinion_polling_for_the_2026_Israeli_legislative_election,2025-07-01,10,,23.0,4.0,,,,,
1 Jul 2025,Midgam,HaHadashot 12[123],26.0,7.0,-2.0,6.0,,9.0,8.0,9.0,5.0,5.0,,,-2.0,4,49.0,https://en.wikipedia.org/wiki/2025_opinion_polling_for_the_2026_Israeli_legislative_election,2025-07-01,10,,22.0,5.0,,8.0,,,
1 Jul 2025,Yossi Taktika,Zman Israel[121],29.0,6.0,,6.0,,10.0,7.0,8.0,5.0,5.0,,,,4,52.0,https://en.wikipedia.org/wiki/2025_opinion_polling_for_the_2026_Israeli_legislative_election,2025-07-01,8,,25.0,4.0,,7.0,,,
1 Jul 2025,Midgam,HaHadashot 12[123],26.0,9.0,-1.9,6.0,,9.0,8.0,10.0,5.0,5.0,,,-2.0,2,49.0,https://en.wikipedia.org/wiki/2025_opinion_polling_for_the_2026_Israeli_legislative_election,2025-07-01,12,,24.0,6.0,,,,,
3 Jul 2025,Lazar,Maariv[119],27.0,9.0,-2.6,7.0,,9.0,8.0,9.0,5.0,5.0,,,-1.9,3,51.0,https://en.wikipedia.org/wiki/2025_opinion_polling_for_the_2026_Israeli_legislative_election,2025-07-03,11,,24.0,6.0,,,,,
3 Jul 2025,Lazar,Maariv[119],28.0,9.0,-2.9,7.0,,9.0,8.0,8.0,5.0,5.0,,,-2.0,9,52.0,https://en.wikipedia.org/wiki/2025_opinion_polling_for_the_2026_Israeli_legislative_election,2025-07-03,11,,19.0,5.0,,6.0,,,
3 Jul 2025,Filber,Channel 14[118],34.0,5.0,5.0,6.0,,10.0,8.0,11.0,6.0,5.0,,,-2.2,20,63.0,https://en.wikipedia.org/wiki/2025_opinion_polling_for_the_2026_Israeli_legislative_election,2025-07-03,11,,14.0,5.0,,,,,
3 Jul 2025,Filber,Channel 14[118],35.0,7.0,5.0,6.0,,11.0,8.0,14.0,6.0,5.0,,,-2.5,18,65.0,https://en.wikipedia.org/wiki/2025_opinion_polling_for_the_2026_Israeli_legislative_election,2025-07-03,17,,,6.0,,,,,
10 Jul 2025,Lazar,Maariv[117],24.0,7.0,4.0,7.0,,9.0,7.0,10.0,6.0,4.0,,,-2.2,1,51.0,https://en.wikipedia.org/wiki/2025_opinion_polling_for_the_2026_Israeli_legislative_election,2025-07-10,10,,25.0,7.0,,,,,
10 Jul 2025,Yossi Taktika,Zman Israel[116],32.0,5.0,,5.0,,9.0,7.0,10.0,5.0,4.0,,,,6,53.0,https://en.wikipedia.org/wiki/2025_opinion_polling_for_the_2026_Israeli_legislative_election,2025-07-10,8,,26.0,4.0,,5.0,,,
10 Jul 2025,Filber,Channel 14[115],34.0,8.0,6.0,6.0,,11.0,8.0,14.0,5.0,5.0,,,-2.3,18,65.0,https://en.wikipedia.org/wiki/2025_opinion_polling_for_the_2026_Israeli_legislative_election,2025-07-10,16,,,7.0,,,,,
10 Jul 2025,Filber,Channel 14[115],33.0,5.0,5.0,6.0,,11.0,8.0,11.0,5.0,5.0,,,-2.4,18,63.0,https://en.wikipedia.org/wiki/2025_opinion_polling_for_the_2026_Israeli_legislative_election,2025-07-10,11,,15.0,5.0,,,,,
13 Jul 2025,Direct Polls,i24 News[114],32.0,4.0,5.0,6.0,,11.0,8.0,10.0,5.0,4.0,,,-3.0,10,62.0,https://en.wikipedia.org/wiki/2025_opinion_polling_for_the_2026_Israeli_legislative_election,2025-07-13,13,,22.0,-3.1,,,,,
16 Jul 2025,Midgam,HaHadashot 12[111],27.0,9.0,-2.9,6.0,,8.0,8.0,10.0,5.0,5.0,,,-1.7,8,49.0,https://en.wikipedia.org/wiki/2025_opinion_polling_for_the_2026_Israeli_legislative_election,2025-07-16,12,,19.0,-2.6,,11.0,,,
16 Jul 2025,Midgam,HaHadashot 12[111],27.0,10.0,-2.9,6.0,,8.0,8.0,10.0,5.0,5.0,,,-1.7,4,49.0,https://en.wikipedia.org/wiki/2025_opinion_polling_for_the_2026_Israeli_legislative_election,2025-07-16,12,,23.0,6.0,,,,,
17 Jul 2025,Filber,Channel 14[107],35.0,8.0,5.0,6.0,,10.0,8.0,16.0,6.0,5.0,,,-2.3,19,64.0,https://en.wikipedia.org/wiki/2025_opinion_polling_for_the_2026_Israeli_legislative_election,2025-07-17,16,,,5.0,,,,,
17 Jul 2025,Filber,Channel 14[107],34.0,6.0,5.0,6.0,,10.0,8.0,9.0,6.0,5.0,,,-2.4,16,63.0,https://en.wikipedia.org/wiki/2025_opinion_polling_for_the_2026_Israeli_legislative_election,2025-07-17,13,,18.0,-2.9,,,,,
17 Jul 2025,Lazar,Maariv[109][110],26.0,8.0,4.0,7.0,,9.0,7.0,11.0,5.0,5.0,,,-1.8,4,52.0,https://en.wikipedia.org/wiki/2025_opinion_polling_for_the_2026_Israeli_legislative_election,2025-07-17,10,,22.0,6.0,,,,,
17 Jul 2025,Lazar,Maariv[109][110],26.0,8.0,4.0,7.0,,9.0,7.0,10.0,5.0,5.0,,,-1.8,8,52.0,https://en.wikipedia.org/wiki/2025_opinion_polling_for_the_2026_Israeli_legislative_election,2025-07-17,9,,18.0,5.0,,9.0,,,
17 Jul 2025,Yossi Taktika,Zman Israel[108],30.0,7.0,4.0,5.0,,8.0,7.0,10.0,5.0,5.0,,,,4,54.0,https://en.wikipedia.org/wiki/2025_opinion_polling_for_the_2026_Israeli_legislative_election,2025-07-17,9,,26.0,4.0,,,,,
23 Jul 2025,Maagar Mochot,Channel 13[106],24.0,9.0,-2.8,7.0,,10.0,7.0,10.0,4.0,6.0,,,-2.3,Tie,48.0,https://en.wikipedia.org/wiki/2025_opinion_polling_for_the_2026_Israeli_legislative_election,2025-07-23,11,,24.0,4.0,,4.0,,,
23 Jul 2025,Yossi Taktika,Zman Israel[105],28.0,7.0,,7.0,,7.0,7.0,10.0,6.0,5.0,,,,6,49.0,https://en.wikipedia.org/wiki/2025_opinion_polling_for_the_2026_Israeli_legislative_election,2025-07-23,10,,22.0,4.0,7.0,,,,
24 Jul 2025,Lazar,Maariv[104],24.0,9.0,,7.0,,10.0,7.0,11.0,5.0,5.0,,,,2,48.0,https://en.wikipedia.org/wiki/2025_opinion_polling_for_the_2026_Israeli_legislative_election,2025-07-24,10,,22.0,4.0,,6.0,,,
24 Jul 2025,Lazar,Maariv[104],25.0,9.0,-2.6,7.0,,10.0,7.0,12.0,5.0,5.0,,,,1,49.0,https://en.wikipedia.org/wiki/2025_opinion_polling_for_the_2026_Israeli_legislative_election,2025-07-24,11,,24.0,5.0,,,,,
24 Jul 2025,Filber,Channel 14[103],34.0,9.0,5.0,6.0,,10.0,8.0,15.0,6.0,5.0,,,-2.6,18,63.0,https://en.wikipedia.org/wiki/2025_opinion_polling_for_the_2026_Israeli_legislative_election,2025-07-24,16,,,6.0,,,,,
24 Jul 2025,Filber,Channel 14[103],33.0,6.0,4.0,6.0,,11.0,8.0,8.0,6.0,5.0,,,-2.5,17,62.0,https://en.wikipedia.org/wiki/2025_opinion_polling_for_the_2026_Israeli_legislative_election,2025-07-24,13,,16.0,4.0,,,,,
24 Jul 2025,Direct Polls,i24 News[102],27.0,5.0,6.0,7.0,,9.0,8.0,12.0,5.0,4.0,,,-2.8,1,57.0,https://en.wikipedia.org/wiki/2025_opinion_polling_for_the_2026_Israeli_legislative_election,2025-07-24,11,,26.0,-2.3,,,,,
24 Jul 2025,Lazar,Maariv[104],24.0,8.0,,7.0,,10.0,7.0,10.0,5.0,5.0,,,,2,48.0,https://en.wikipedia.org/wiki/2025_opinion_polling_for_the_2026_Israeli_legislative_election,2025-07-24,10,,22.0,5.0,7.0,,,,
24 Jul 2025,Direct Polls,i24 News[102],25.0,4.0,6.0,6.0,,9.0,8.0,9.0,5.0,4.0,,,,1,54.0,https://en.wikipedia.org/wiki/2025_opinion_polling_for_the_2026_Israeli_legislative_election,2025-07-24,10,,24.0,,10.0,,,,
30 Jul 2025,Yossi Taktika,Zman Israel[101],26.0,8.0,,7.0,,9.0,7.0,11.0,6.0,5.0,,,,2,49.0,https://en.wikipedia.org/wiki/2025_opinion_polling_for_the_2026_Israeli_legislative_election,2025-07-30,11,,24.0,6.0,,,,,
31 Jul 2025,Lazar,Maariv[100],21.0,7.0,-2.4,6.0,,9.0,8.0,9.0,6.0,4.0,,,-1.5,2,44.0,https://en.wikipedia.org/wiki/2025_opinion_polling_for_the_2026_Israeli_legislative_election,2025-07-31,10,,19.0,4.0,13.0,4.0,,,
31 Jul 2025,Lazar,Maariv[100],25.0,7.0,-2.9,7.0,,9.0,8.0,9.0,6.0,4.0,,,-1.5,2,49.0,https://en.wikipedia.org/wiki/2025_opinion_polling_for_the_2026_Israeli_legislative_election,2025-07-31,10,,23.0,4.0,,8.0,,,
31 Jul 2025,Lazar,Maariv[100],25.0,8.0,-2.7,7.0,,9.0,8.0,12.0,6.0,4.0,,,-1.9,Tie,49.0,https://en.wikipedia.org/wiki/2025_opinion_polling_for_the_2026_Israeli_legislative_election,2025-07-31,12,,25.0,4.0,,,,,
3 Aug 2025,Maagar Mochot,Channel 13[99],24.0,7.0,4.0,9.0,,9.0,8.0,8.0,6.0,5.0,,,-2.5,1,54.0,https://en.wikipedia.org/wiki/2025_opinion_polling_for_the_2026_Israeli_legislative_election,2025-08-03,8,,23.0,4.0,,5.0,,,
6 Aug 2025,Yossi Taktika,Zman Israel[98],26.0,10.0,,6.0,,10.0,7.0,11.0,6.0,5.0,,,,3,49.0,https://en.wikipedia.org/wiki/2025_opinion_polling_for_the_2026_Israeli_legislative_election,2025-08-06,10,,23.0,6.0,,,,,
7 Aug 2025,Lazar,Maariv[97],23.0,7.0,4.0,6.0,,9.0,7.0,8.0,5.0,5.0,,,-1.4,2,49.0,https://en.wikipedia.org/wiki/2025_opinion_polling_for_the_2026_Israeli_legislative_election,2025-08-07,10,,21.0,4.0,,11.0,,,
7 Aug 2025,Filber,Channel 14[96],34.0,8.0,5.0,6.0,,11.0,8.0,8.0,5.0,5.0,,,-2.3,20,64.0,https://en.wikipedia.org/wiki/2025_opinion_polling_for_the_2026_Israeli_legislative_election,2025-08-07,11,,14.0,5.0,,,,,
10 Aug 2025,Kantar,Kan 11[95],26.0,6.0,4.0,6.0,,9.0,7.0,10.0,6.0,5.0,,,-2.1,4,52.0,https://en.wikipedia.org/wiki/2025_opinion_polling_for_the_2026_Israeli_legislative_election,2025-08-10,8,,22.0,4.0,,7.0,,,
13 Aug 2025,Yossi Taktika,Zman Israel[94],28.0,8.0,5.0,5.0,,10.0,7.0,10.0,5.0,4.0,,,,3,55.0,https://en.wikipedia.org/wiki/2025_opinion_polling_for_the_2026_Israeli_legislative_election,2025-08-13,9,,25.0,4.0,,,,,
14 Aug 2025,Lazar,Maariv[93],23.0,9.0,4.0,7.0,,9.0,7.0,12.0,5.0,5.0,,,,1,50.0,https://en.wikipedia.org/wiki/2025_opinion_polling_for_the_2026_Israeli_legislative_election,2025-08-14,10,,24.0,5.0,,,,,
14 Aug 2025,Filber,Channel 14[92],33.0,8.0,5.0,6.0,,11.0,8.0,8.0,5.0,5.0,,,-2.2,16,63.0,https://en.wikipedia.org/wiki/2025_opinion_polling_for_the_2026_Israeli_legislative_election,2025-08-14,10,,17.0,4.0,,,,,
14 Aug 2025,Lazar,Maariv[93],21.0,6.0,4.0,7.0,,9.0,7.0,9.0,5.0,5.0,,,-2.2,2,48.0,https://en.wikipedia.org/wiki/2025_opinion_polling_for_the_2026_Israeli_legislative_election,2025-08-14,10,,23.0,5.0,,9.0,,,
17 Aug 2025,Midgam,HaHadashot 12[91],23.0,7.0,4.0,6.0,,8.0,7.0,10.0,5.0,5.0,,,-1.9,4,48.0,https://en.wikipedia.org/wiki/2025_opinion_polling_for_the_2026_Israeli_legislative_election,2025-08-17,11,,19.0,-2.7,5.0,10.0,,,
17 Aug 2025,Midgam,HaHadashot 12[91],24.0,7.0,4.0,6.0,,8.0,7.0,11.0,5.0,5.0,,,-1.9,4,49.0,https://en.wikipedia.org/wiki/2025_opinion_polling_for_the_2026_Israeli_legislative_election,2025-08-17,11,,20.0,-2.9,,12.0,,,
20 Aug 2025,Direct Polls,i24 News[90],28.0,4.0,6.0,9.0,,10.0,8.0,9.0,5.0,4.0,,,-2.9,9,61.0,https://en.wikipedia.org/wiki/2025_opinion_polling_for_the_2026_Israeli_legislative_election,2025-08-20,13,,19.0,-2.4,5.0,,,,
21 Aug 2025,Lazar,Maariv[89],20.0,9.0,4.0,8.0,,8.0,7.0,10.0,5.0,5.0,,,-1.4,1,47.0,https://en.wikipedia.org/wiki/2025_opinion_polling_for_the_2026_Israeli_legislative_election,2025-08-21,10,,21.0,-1.4,5.0,8.0,,,
21 Aug 2025,Lazar,Maariv[89],21.0,8.0,4.0,8.0,,8.0,7.0,9.0,6.0,5.0,,,-1.4,2,48.0,https://en.wikipedia.org/wiki/2025_opinion_polling_for_the_2026_Israeli_legislative_election,2025-08-21,11,,23.0,-1.9,,10.0,,,
21 Aug 2025,Lazar,Maariv[89],21.0,10.0,4.0,7.0,,8.0,7.0,11.0,5.0,5.0,,,-2.3,5,47.0,https://en.wikipedia.org/wiki/2025_opinion_polling_for_the_2026_Israeli_legislative_election,2025-08-21,12,,26.0,4.0,,,,,
21 Aug 2025,Yossi Taktika,Zman Israel[88],28.0,7.0,4.0,6.0,,9.0,7.0,11.0,6.0,5.0,,,,2,54.0,https://en.wikipedia.org/wiki/2025_opinion_polling_for_the_2026_Israeli_legislative_election,2025-08-21,11,,26.0,,,,,,
21 Aug 2025,Filber,Channel 14[87],34.0,8.0,4.0,7.0,,11.0,8.0,8.0,5.0,5.0,,,-2.4,18,64.0,https://en.wikipedia.org/wiki/2025_opinion_polling_for_the_2026_Israeli_legislative_election,2025-08-21,10,,16.0,4.0,,,,,
26 Aug 2025,Yossi Taktika,Zman Israel[86],27.0,8.0,,7.0,,9.0,7.0,11.0,4.0,6.0,,,,1,50.0,https://en.wikipedia.org/wiki/2025_opinion_polling_for_the_2026_Israeli_legislative_election,2025-08-26,11,,26.0,4.0,,,,,
28 Aug 2025,TrendZone,–[82],32.0,,,6.0,,9.0,7.0,9.0,6.0,5.0,,,,11,54.0,https://en.wikipedia.org/wiki/2025_opinion_polling_for_the_2026_Israeli_legislative_election,2025-08-28,12,,21.0,4.0,,9.0,,,
28 Aug 2025,Filber,Channel 14[83],34.0,8.0,5.0,6.0,,11.0,8.0,9.0,5.0,5.0,,,-2.1,19,64.0,https://en.wikipedia.org/wiki/2025_opinion_polling_for_the_2026_Israeli_legislative_election,2025-08-28,9,,15.0,5.0,,,,,
28 Aug 2025,Lazar,Maariv[85],23.0,9.0,4.0,7.0,,8.0,7.0,12.0,6.0,5.0,,,-2.3,2,49.0,https://en.wikipedia.org/wiki/2025_opinion_polling_for_the_2026_Israeli_legislative_election,2025-08-28,10,,25.0,4.0,,,,,
28 Aug 2025,Lazar,Maariv[85],23.0,8.0,4.0,8.0,,8.0,7.0,11.0,6.0,5.0,,,-2.5,1,50.0,https://en.wikipedia.org/wiki/2025_opinion_polling_for_the_2026_Israeli_legislative_election,2025-08-28,9,,22.0,-1.8,,9.0,,,
28 Aug 2025,Midgam,HaHadashot 12[84],24.0,7.0,4.0,7.0,,8.0,7.0,10.0,5.0,5.0,,,-2.5,4,50.0,https://en.wikipedia.org/wiki/2025_opinion_polling_for_the_2026_Israeli_legislative_election,2025-08-28,11,,20.0,-2.8,,12.0,,,
28 Aug 2025,Lazar,Maariv[85],24.0,7.0,-2.8,8.0,,8.0,7.0,10.0,6.0,5.0,,,-2.54,3,47.0,https://en.wikipedia.org/wiki/2025_opinion_polling_for_the_2026_Israeli_legislative_election,2025-08-28,9,,21.0,-1.8,8.0,7.0,,,
29 Aug 2025,TrendZone,–[82],32.0,4.0,,6.0,,9.0,7.0,9.0,6.0,5.0,,,,11,54.0,https://en.wikipedia.org/wiki/2025_opinion_polling_for_the_2026_Israeli_legislative_election,2025-08-29,12,,21.0,,,9.0,,,
2 Sep 2025,Maagar Mochot,Channel 13[81],22.0,8.0,4.0,9.0,,10.0,7.0,10.0,5.0,5.0,,,-3.0,1,52.0,https://en.wikipedia.org/wiki/2025_opinion_polling_for_the_2026_Israeli_legislative_election,2025-09-02,9,,23.0,4.0,,4.0,,,
3 Sep 2025,Direct Polls,i24 News[80],30.0,4.0,5.0,6.0,,10.0,8.0,11.0,5.0,5.0,,,-2.8,10,59.0,https://en.wikipedia.org/wiki/2025_opinion_polling_for_the_2026_Israeli_legislative_election,2025-09-03,10,,20.0,-2.4,6.0,,,,
3 Sep 2025,Yossi Taktika,Zman Israel[79],26.0,7.0,,7.0,,9.0,7.0,10.0,6.0,4.0,,,,3,49.0,https://en.wikipedia.org/wiki/2025_opinion_polling_for_the_2026_Israeli_legislative_election,2025-09-03,11,,23.0,4.0,6.0,,,,
4 Sep 2025,Midgam,HaHadashot 12[78],24.0,7.0,4.0,7.0,,8.0,7.0,11.0,5.0,5.0,,,-2.3,5,50.0,https://en.wikipedia.org/wiki/2025_opinion_polling_for_the_2026_Israeli_legislative_election,2025-09-04,11,,19.0,-2.1,,12.0,,,
5 Sep 2025,Lazar,Maariv[77],25.0,8.0,-1.9,7.0,,9.0,7.0,10.0,5.0,5.0,,,-1.9,1,48.0,https://en.wikipedia.org/wiki/2025_opinion_polling_for_the_2026_Israeli_legislative_election,2025-09-05,10,,24.0,4.0,,6.0,,,
8 Sep 2025,Lazar,Walla[76],26.0,8.0,,7.0,,10.0,7.0,11.0,5.0,5.0,,,,3,50.0,https://en.wikipedia.org/wiki/2025_opinion_polling_for_the_2026_Israeli_legislative_election,2025-09-08,10,,23.0,,,8.0,,,
10 Sep 2025,Yossi Taktika,Zman Israel[75],24.0,6.0,,7.0,,9.0,7.0,11.0,6.0,5.0,,,,4,47.0,https://en.wikipedia.org/wiki/2025_opinion_polling_for_the_2026_Israeli_legislative_election,2025-09-10,9,,20.0,4.0,5.0,7.0,,,
11 Sep 2025,Filber,Channel 14[73],34.0,8.0,5.0,7.0,,10.0,8.0,8.0,5.0,5.0,,,-2.3,20,64.0,https://en.wikipedia.org/wiki/2025_opinion_polling_for_the_2026_Israeli_legislative_election,2025-09-11,12,,14.0,4.0,,,,,
11 Sep 2025,Lazar,Maariv[74],24.0,7.0,4.0,7.0,,8.0,7.0,10.0,5.0,5.0,,,-2.1,1,50.0,https://en.wikipedia.org/wiki/2025_opinion_polling_for_the_2026_Israeli_legislative_election,2025-09-11,11,,23.0,-2.4,,9.0,,,
11 Sep 2025,Midgam,HaHadashot 12[72],24.0,8.0,-2.1,7.0,,9.0,8.0,10.0,5.0,5.0,,,-2.2,6,48.0,https://en.wikipedia.org/wiki/2025_opinion_polling_for_the_2026_Israeli_legislative_election,2025-09-11,11,,18.0,-1.3,6.0,9.0,,,
11 Sep 2025,Midgam,HaHadashot 12[72],25.0,9.0,-2.4,7.0,,9.0,7.0,11.0,5.0,5.0,,,-2.2,6,48.0,https://en.wikipedia.org/wiki/2025_opinion_polling_for_the_2026_Israeli_legislative_election,2025-09-11,11,,19.0,-1.4,,11.0,,,
17 Sep 2025,Yossi Taktika,Zman Israel[71],24.0,7.0,,7.0,,9.0,7.0,9.0,5.0,5.0,,,,6,47.0,https://en.wikipedia.org/wiki/2025_opinion_polling_for_the_2026_Israeli_legislative_election,2025-09-17,8,,18.0,4.0,5.0,12.0,,,
17 Sep 2025,Maagar Mochot,Channel 13[70],23.0,8.0,4.0,9.0,,9.0,7.0,9.0,4.0,6.0,,,-1.9,Tie,52.0,https://en.wikipedia.org/wiki/2025_opinion_polling_for_the_2026_Israeli_legislative_election,2025-09-17,9,,23.0,4.0,,5.0,,,
17 Sep 2025,Filber,Channel 14[69],33.0,4.0,4.0,7.0,,11.0,8.0,8.0,5.0,5.0,,,-2.6,18,63.0,https://en.wikipedia.org/wiki/2025_opinion_polling_for_the_2026_Israeli_legislative_election,2025-09-17,11,,15.0,4.0,,5.0,,,
17 Sep 2025,Kantar,Kan 11[68],25.0,8.0,-2.7,8.0,,9.0,8.0,9.0,5.0,5.0,,,-2.3,4,50.0,https://en.wikipedia.org/wiki/2025_opinion_polling_for_the_2026_Israeli_legislative_election,2025-09-17,10,,21.0,4.0,,8.0,,,
17 Sep 2025,Direct Polls,i24 News[67],32.0,5.0,5.0,6.0,,10.0,8.0,10.0,5.0,5.0,,,-2.7,19,61.0,https://en.wikipedia.org/wiki/2025_opinion_polling_for_the_2026_Israeli_legislative_election,2025-09-17,11,,13.0,-1.9,,10.0,,,
18 Sep 2025,Lazar,Maariv[66],25.0,7.0,-2.4,8.0,,8.0,8.0,10.0,5.0,5.0,,,-1.9,5,49.0,https://en.wikipedia.org/wiki/2025_opinion_polling_for_the_2026_Israeli_legislative_election,2025-09-18,11,,20.0,4.0,,9.0,,,
18 Sep 2025,Midgam,HaHadashot 12[65],24.0,9.0,4.0,5.0,,9.0,7.0,11.0,5.0,5.0,,,-2.7,3,49.0,https://en.wikipedia.org/wiki/2025_opinion_polling_for_the_2026_Israeli_legislative_election,2025-09-18,10,,21.0,-2.6,,10.0,,,
25 Sep 2025,Lazar,Maariv[64],26.0,8.0,-2.5,7.0,,8.0,7.0,9.0,5.0,5.0,,,-2.4,6,48.0,https://en.wikipedia.org/wiki/2025_opinion_polling_for_the_2026_Israeli_legislative_election,2025-09-25,12,,20.0,-2.9,4.0,9.0,,,
25 Sep 2025,Midgam,HaHadashot 12[63],24.0,8.0,4.0,5.0,,9.0,7.0,11.0,5.0,5.0,,,-1.9,5,49.0,https://en.wikipedia.org/wiki/2025_opinion_polling_for_the_2026_Israeli_legislative_election,2025-09-25,11,,19.0,-2.5,4.0,8.0,,,
28 Sep 2025,Filber,Channel 14[62],34.0,4.0,4.0,6.0,,11.0,8.0,8.0,5.0,5.0,,,-2.6,18,63.0,https://en.wikipedia.org/wiki/2025_opinion_polling_for_the_2026_Israeli_legislative_election,2025-09-28,13,,16.0,-2.7,,6.0,,,
30 Sep 2025,Lazar,Maariv[58],25.0,7.0,-2.3,9.0,,8.0,7.0,10.0,5.0,5.0,,,-2.0,3,49.0,https://en.wikipedia.org/wiki/2025_opinion_polling_for_the_2026_Israeli_legislative_election,2025-09-30,10,,22.0,-3.0,5.0,7.0,,,
30 Sep 2025,Maagar Mochot,Channel 13[59],23.0,6.0,4.0,9.0,,9.0,7.0,7.0,5.0,6.0,,,-2.6,2,52.0,https://en.wikipedia.org/wiki/2025_opinion_polling_for_the_2026_Israeli_legislative_election,2025-09-30,10,,25.0,4.0,-2.0,5.0,,,
30 Sep 2025,Direct Polls,i24 News[61],33.0,4.0,5.0,7.0,,10.0,8.0,10.0,5.0,5.0,,,-2.7,18,63.0,https://en.wikipedia.org/wiki/2025_opinion_polling_for_the_2026_Israeli_legislative_election,2025-09-30,10,,15.0,-2.7,-3.0,8.0,,,
30 Sep 2025,Lazar,Walla[60],24.0,7.0,,9.0,,8.0,7.0,11.0,5.0,5.0,,,,1,48.0,https://en.wikipedia.org/wiki/2025_opinion_polling_for_the_2026_Israeli_legislative_election,2025-09-30,9,,23.0,,5.0,7.0,,,
9 Oct 2025,Filber,Channel 14[55],34.0,-2.6,5.0,6.0,,11.0,8.0,13.0,5.0,5.0,,,-2.4,18,64.0,https://en.wikipedia.org/wiki/2025_opinion_polling_for_the_2026_Israeli_legislative_election,2025-10-09,11,,16.0,-2.7,,6.0,,,
9 Oct 2025,Maagar Mochot,Channel 13[54],27.0,6.0,4.0,9.0,,9.0,7.0,6.0,5.0,6.0,,,-2.6,4,56.0,https://en.wikipedia.org/wiki/2025_opinion_polling_for_the_2026_Israeli_legislative_election,2025-10-09,10,,23.0,4.0,-2.7,4.0,,,
10 Oct 2025,Lazar,Maariv[53],27.0,10.0,-2.3,6.0,,8.0,7.0,10.0,5.0,5.0,,,-1.6,8,48.0,https://en.wikipedia.org/wiki/2025_opinion_polling_for_the_2026_Israeli_legislative_election,2025-10-10,10,,19.0,-2.3,5.0,8.0,,,
15 Oct 2025,TrendZone,–[52],40.0,4.0,,5.0,,8.0,7.0,5.0,5.0,6.0,,,,19,60.0,https://en.wikipedia.org/wiki/2025_opinion_polling_for_the_2026_Israeli_legislative_election,2025-10-15,12,,22.0,,,6.0,,,
15 Oct 2025,Filber,Channel 14[51],35.0,4.0,5.0,7.0,,11.0,8.0,11.0,6.0,5.0,,,-2.4,22,66.0,https://en.wikipedia.org/wiki/2025_opinion_polling_for_the_2026_Israeli_legislative_election,2025-10-15,10,,13.0,-1.7,,5.0,,,
16 Oct 2025,Yossi Taktika,Zman Israel[50],34.0,7.0,4.0,5.0,,9.0,7.0,10.0,4.0,4.0,,,,14,59.0,https://en.wikipedia.org/wiki/2025_opinion_polling_for_the_2026_Israeli_legislative_election,2025-10-16,7,,20.0,4.0,,5.0,,,
16 Oct 2025,Midgam,HaHadashot 12[49],27.0,9.0,-2.5,8.0,,9.0,7.0,9.0,5.0,5.0,,,-1.4,5,51.0,https://en.wikipedia.org/wiki/2025_opinion_polling_for_the_2026_Israeli_legislative_election,2025-10-16,11,,22.0,-2.6,-1.4,8.0,,,
17 Oct 2025,Lazar,Maariv[48],26.0,7.0,4.0,7.0,,8.0,7.0,9.0,5.0,5.0,,,-1.9,6,52.0,https://en.wikipedia.org/wiki/2025_opinion_polling_for_the_2026_Israeli_legislative_election,2025-10-17,11,,20.0,-2.6,4.0,6.0,,,
19 Oct 2025,Direct Polls,i24 News[47],34.0,4.0,5.0,6.0,,10.0,8.0,9.0,6.0,5.0,,,-2.6,17,63.0,https://en.wikipedia.org/wiki/2025_opinion_polling_for_the_2026_Israeli_legislative_election,2025-10-19,10,,17.0,-1.2,-2.5,6.0,,,
23 Oct 2025,Midgam,HaHadashot 12[43],27.0,9.0,-2.1,8.0,,9.0,7.0,9.0,5.0,5.0,,,-1.4,6,51.0,https://en.wikipedia.org/wiki/2025_opinion_polling_for_the_2026_Israeli_legislative_election,2025-10-23,13,,21.0,-2.2,-1.6,7.0,,,
23 Oct 2025,Lazar,Maariv[46],26.0,9.0,-2.6,8.0,,9.0,7.0,10.0,5.0,6.0,,,-2.2,7,50.0,https://en.wikipedia.org/wiki/2025_opinion_polling_for_the_2026_Israeli_legislative_election,2025-10-23,12,,19.0,-2.9,-2.1,9.0,,,
23 Oct 2025,Yossi Taktika,Zman Israel[45],31.0,7.0,4.0,5.0,,10.0,7.0,10.0,5.0,5.0,,,,13,57.0,https://en.wikipedia.org/wiki/2025_opinion_polling_for_the_2026_Israeli_legislative_election,2025-10-23,9,,18.0,4.0,,5.0,,,
23 Oct 2025,Filber,Channel 14[44],36.0,5.0,4.0,7.0,,11.0,8.0,9.0,5.0,5.0,,,-2.4,24,66.0,https://en.wikipedia.org/wiki/2025_opinion_polling_for_the_2026_Israeli_legislative_election,2025-10-23,12,,11.0,-2.3,,7.0,,,
29 Oct 2025,Maagar Mochot,Channel 13[42],27.0,10.0,4.0,9.0,,10.0,7.0,9.0,5.0,4.0,,,-2.8,4,57.0,https://en.wikipedia.org/wiki/2025_opinion_polling_for_the_2026_Israeli_legislative_election,2025-10-29,8,,23.0,-1.8,-1.3,4.0,,,
30 Oct 2025,Yossi Taktika,Zman Israel[41],30.0,10.0,,6.0,,10.0,8.0,10.0,5.0,4.0,,,,10,54.0,https://en.wikipedia.org/wiki/2025_opinion_polling_for_the_2026_Israeli_legislative_election,2025-10-30,9,,20.0,4.0,,4.0,,,
30 Oct 2025,Lazar,Maariv[40],25.0,9.0,-2.2,7.0,,9.0,7.0,10.0,5.0,6.0,,,-2.0,4,48.0,https://en.wikipedia.org/wiki/2025_opinion_polling_for_the_2026_Israeli_legislative_election,2025-10-30,12,,21.0,-1.9,-1.9,9.0,,,
30 Oct 2025,Filber,Channel 14[39],35.0,6.0,5.0,7.0,,11.0,8.0,9.0,5.0,5.0,,,-2.4,23,66.0,https://en.wikipedia.org/wiki/2025_opinion_polling_for_the_2026_Israeli_legislative_election,2025-10-30,10,,12.0,-1.7,,7.0,,,
30 Oct 2025,Midgam,HaHadashot 12[38],26.0,10.0,-2.7,9.0,,9.0,7.0,9.0,5.0,5.0,,,-1.8,5,51.0,https://en.wikipedia.org/wiki/2025_opinion_polling_for_the_2026_Israeli_legislative_election,2025-10-30,11,,21.0,-1.6,-1.9,8.0,,,
5 Nov 2025,Lazar,Maariv,26.0,10.0,-2.8,7.0,,9.0,7.0,9.0,5.0,5.0,,,-2.0,4,49.0,https://en.wikipedia.org/wiki/2025_opinion_polling_for_the_2026_Israeli_legislative_election,2025-11-05,11,,22.0,-2.3,-2.9,9.0,,,
6 Nov 2025,Yossi Taktika,Zman Israel[37],29.0,9.0,,6.0,,10.0,8.0,10.0,5.0,4.0,,,,8,53.0,https://en.wikipedia.org/wiki/2025_opinion_polling_for_the_2026_Israeli_legislative_election,2025-11-06,9,,21.0,4.0,,5.0,,,
6 Nov 2025,Midgam,HaHadashot 12[35],27.0,9.0,-2.5,9.0,,8.0,8.0,9.0,5.0,5.0,,,-1.8,5,52.0,https://en.wikipedia.org/wiki/2025_opinion_polling_for_the_2026_Israeli_legislative_election,2025-11-06,11,,22.0,-2.2,-1.4,7.0,,,
6 Nov 2025,Filber,Channel 14[36],35.0,5.0,5.0,6.0,,11.0,8.0,10.0,6.0,5.0,,,-2.2,23,65.0,https://en.wikipedia.org/wiki/2025_opinion_polling_for_the_2026_Israeli_legislative_election,2025-11-06,10,,12.0,-2.7,,7.0,,,
11 Nov 2025,TrendZone,–[34],35.0,5.0,-2.4,8.0,,7.0,8.0,6.0,5.0,5.0,,,-2.64,13,58.0,https://en.wikipedia.org/wiki/2025_opinion_polling_for_the_2026_Israeli_legislative_election,2025-11-11,11,,22.0,-2.04,-3.12,8.0,,,
13 Nov 2025,Yossi Taktika,Zman Israel[33],29.0,10.0,,6.0,,9.0,8.0,10.0,5.0,5.0,,,,10,52.0,https://en.wikipedia.org/wiki/2025_opinion_polling_for_the_2026_Israeli_legislative_election,2025-11-13,10,,19.0,4.0,,5.0,,,
13 Nov 2025,Lazar,Maariv[32],24.0,9.0,-1.3,8.0,,8.0,8.0,9.0,5.0,5.0,,,-2.4,Tie,48.0,https://en.wikipedia.org/wiki/2025_opinion_polling_for_the_2026_Israeli_legislative_election,2025-11-13,11,,24.0,-2.9,-2.3,9.0,,,
13 Nov 2025,Filber,Channel 14[31],35.0,4.0,4.0,7.0,,11.0,9.0,9.0,6.0,5.0,,,-2.1,23,66.0,https://en.wikipedia.org/wiki/2025_opinion_polling_for_the_2026_Israeli_legislative_election,2025-11-13,11,,12.0,-2.2,,7.0,,,
13 Nov 2025,Midgam,HaHadashot 12[30],27.0,9.0,-2.5,9.0,,9.0,7.0,9.0,5.0,5.0,,,-1.6,5,52.0,https://en.wikipedia.org/wiki/2025_opinion_polling_for_the_2026_Israeli_legislative_election,2025-11-13,10,,22.0,-2.9,-1.2,8.0,,,
20 Nov 2025,Yossi Taktika,Zman Israel[29],28.0,11.0,,6.0,,10.0,8.0,10.0,5.0,5.0,,,,9,52.0,https://en.wikipedia.org/wiki/2025_opinion_polling_for_the_2026_Israeli_legislative_election,2025-11-20,9,,19.0,4.0,,5.0,,,
20 Nov 2025,Lazar,Maariv[25],25.0,9.0,-2.2,9.0,,8.0,7.0,9.0,5.0,5.0,,,-1.9,2,49.0,https://en.wikipedia.org/wiki/2025_opinion_polling_for_the_2026_Israeli_legislative_election,2025-11-20,11,,23.0,-2.9,-2.0,9.0,,,
20 Nov 2025,Filber,Channel 14[28],34.0,5.0,4.0,6.0,,11.0,9.0,10.0,6.0,5.0,,,-2.3,22,64.0,https://en.wikipedia.org/wiki/2025_opinion_polling_for_the_2026_Israeli_legislative_election,2025-11-20,11,,12.0,-2.4,,7.0,,,
20 Nov 2025,Midgam,HaHadashot 12[27],27.0,9.0,-2.9,8.0,,9.0,7.0,9.0,5.0,5.0,,,-2.7,5,51.0,https://en.wikipedia.org/wiki/2025_opinion_polling_for_the_2026_Israeli_legislative_election,2025-11-20,11,,22.0,-2.2,-1.7,8.0,,,
27 Nov 2025,Midgam,HaHadashot 12[23],27.0,8.0,-2.1,9.0,,9.0,7.0,10.0,5.0,5.0,,,-1.4,5,52.0,https://en.wikipedia.org/wiki/2025_opinion_polling_for_the_2026_Israeli_legislative_election,2025-11-27,11,,22.0,-2.0,-2.9,7.0,,,
27 Nov 2025,Lazar,Maariv[25],25.0,9.0,-2.2,8.0,,8.0,7.0,9.0,5.0,5.0,,,-2.0,3,49.0,https://en.wikipedia.org/wiki/2025_opinion_polling_for_the_2026_Israeli_legislative_election,2025-11-27,10,,22.0,-2.8,4.0,8.0,,,
27 Nov 2025,Filber,Channel 14[24],35.0,4.0,5.0,6.0,,11.0,9.0,11.0,5.0,5.0,,,-2.3,23,66.0,https://en.wikipedia.org/wiki/2025_opinion_polling_for_the_2026_Israeli_legislative_election,2025-11-27,12,,10.0,-1.9,,7.0,,,
27 Nov 2025,Yossi Taktika,Zman Israel[26],28.0,11.0,,6.0,,10.0,8.0,10.0,6.0,5.0,,,,8,52.0,https://en.wikipedia.org/wiki/2025_opinion_polling_for_the_2026_Israeli_legislative_election,2025-11-27,10,,20.0,,,6.0,,,
30 Nov 2025,Direct Polls,i24 News[22],35.0,-2.9,5.0,7.0,,11.0,9.0,10.0,5.0,5.0,,,-2.6,16,67.0,https://en.wikipedia.org/wiki/2025_opinion_polling_for_the_2026_Israeli_legislative_election,2025-11-30,10,,19.0,-1.5,-2.6,4.0,,,
4 Dec 2025,Maagar Mochot,Channel 13[16],23.0,9.0,4.0,9.0,,10.0,6.0,10.0,4.0,6.0,,,-2.1,4,52.0,https://en.wikipedia.org/wiki/2025_opinion_polling_for_the_2026_Israeli_legislative_election,2025-12-04,10,,19.0,-2.5,4.0,6.0,,,
4 Dec 2025,Kantar,Israel Hayom[17],25.0,9.0,-3.0,8.0,,9.0,7.0,9.0,5.0,5.0,,,-2.2,2,49.0,https://en.wikipedia.org/wiki/2025_opinion_polling_for_the_2026_Israeli_legislative_election,2025-12-04,9,,23.0,-1.5,4.0,7.0,,,
4 Dec 2025,Lazar,Maariv[20],26.0,9.0,4.0,8.0,,8.0,7.0,9.0,5.0,5.0,,,-2.2,4,53.0,https://en.wikipedia.org/wiki/2025_opinion_polling_for_the_2026_Israeli_legislative_election,2025-12-04,9,,22.0,-2.9,-2.2,8.0,,,
4 Dec 2025,Filber,Channel 14[19],35.0,4.0,5.0,7.0,,11.0,8.0,11.0,5.0,5.0,,,-2.3,23,66.0,https://en.wikipedia.org/wiki/2025_opinion_polling_for_the_2026_Israeli_legislative_election,2025-12-04,10,,12.0,-1.9,,7.0,,,
4 Dec 2025,Yossi Taktika,Zman Israel[21],28.0,10.0,,6.0,,10.0,8.0,9.0,6.0,5.0,,,,8,52.0,https://en.wikipedia.org/wiki/2025_opinion_polling_for_the_2026_Israeli_legislative_election,2025-12-04,11,,20.0,,,7.0,,,
4 Dec 2025,Midgam,HaHadashot 12[18],25.0,9.0,4.0,6.0,,9.0,7.0,9.0,5.0,5.0,,,-1.7,4,51.0,https://en.wikipedia.org/wiki/2025_opinion_polling_for_the_2026_Israeli_legislative_election,2025-12-04,12,,21.0,-1.9,-2.9,8.0,,,
11 Dec 2025,Yossi Taktika,Zman Israel[15],28.0,10.0,,6.0,,10.0,8.0,10.0,5.0,4.0,,,,7,52.0,https://en.wikipedia.org/wiki/2025_opinion_polling_for_the_2026_Israeli_legislative_election,2025-12-11,9,,21.0,,4.0,5.0,,,
11 Dec 2025,Filber,Channel 14[13],35.0,4.0,4.0,7.0,,11.0,8.0,10.0,6.0,5.0,,,-2.5,22,65.0,https://en.wikipedia.org/wiki/2025_opinion_polling_for_the_2026_Israeli_legislative_election,2025-12-11,10,,13.0,-1.2,,7.0,,,
11 Dec 2025,Midgam,HaHadashot 12[12],27.0,9.0,-2.0,8.0,,9.0,7.0,9.0,5.0,5.0,,,-1.3,5,51.0,https://en.wikipedia.org/wiki/2025_opinion_polling_for_the_2026_Israeli_legislative_election,2025-12-11,11,,22.0,-2.9,-1.6,8.0,,,
11 Dec 2025,Lazar,Maariv[14],28.0,8.0,-2.8,8.0,,9.0,7.0,11.0,5.0,5.0,,,-2.0,8,52.0,https://en.wikipedia.org/wiki/2025_opinion_polling_for_the_2026_Israeli_legislative_election,2025-12-11,11,,20.0,-2.9,-2.8,8.0,,,
17 Dec 2025,Direct Polls,i24 News[11],35.0,-2.7,4.0,8.0,,10.0,9.0,9.0,6.0,5.0,,,-2.6,15,66.0,https://en.wikipedia.org/wiki/2025_opinion_polling_for_the_2026_Israeli_legislative_election,2025-12-17,9,,20.0,-1.8,-3.0,5.0,,,
18 Dec 2025,Yossi Taktika,Zman Israel[10],26.0,10.0,,6.0,,10.0,8.0,10.0,5.0,5.0,,,,6,50.0,https://en.wikipedia.org/wiki/2025_opinion_polling_for_the_2026_Israeli_legislative_election,2025-12-18,10,,20.0,,4.0,6.0,,,
18 Dec 2025,Lazar,Maariv[9],25.0,9.0,-2.1,9.0,,9.0,7.0,9.0,5.0,5.0,,,-1.4,3,50.0,https://en.wikipedia.org/wiki/2025_opinion_polling_for_the_2026_Israeli_legislative_election,2025-12-18,10,,22.0,-2.3,-3.0,10.0,,,
18 Dec 2025,Filber,Channel 14[8],36.0,4.0,4.0,7.0,,11.0,8.0,10.0,5.0,5.0,,,-2.4,25,66.0,https://en.wikipedia.org/wiki/2025_opinion_polling_for_the_2026_Israeli_legislative_election,2025-12-18,11,,11.0,-1.7,,8.0,,,
23 Dec 2025,Maagar Mochot,Channel 13[7],25.0,9.0,4.0,10.0,,9.0,7.0,10.0,4.0,6.0,,,-2.1,3,55.0,https://en.wikipedia.org/wiki/2025_opinion_polling_for_the_2026_Israeli_legislative_election,2025-12-23,8,,22.0,-2.2,-1.4,6.0,,,
25 Dec 2025,Yossi Taktika,Zman Israel[6],25.0,9.0,4.0,5.0,,10.0,8.0,10.0,5.0,5.0,,,,5,52.0,https://en.wikipedia.org/wiki/2025_opinion_polling_for_the_2026_Israeli_legislative_election,2025-12-25,10,,20.0,,4.0,5.0,,,
25 Dec 2025,Lazar,Maariv[5],25.0,9.0,-2.9,9.0,,9.0,7.0,10.0,5.0,5.0,,,-1.8,4,50.0,https://en.wikipedia.org/wiki/2025_opinion_polling_for_the_2026_Israeli_legislative_election,2025-12-25,10,,21.0,-2.2,-2.4,10.0,,,
25 Dec 2025,Filber,Channel 14[4],34.0,5.0,5.0,8.0,,10.0,9.0,9.0,5.0,5.0,,,-2.3,22,66.0,https://en.wikipedia.org/wiki/2025_opinion_polling_for_the_2026_Israeli_legislative_election,2025-12-25,10,,12.0,-1.1,,8.0,,,
25 Dec 2025,Midgam,HaHadashot 12[3],25.0,9.0,4.0,8.0,,8.0,7.0,9.0,5.0,5.0,,,-1.3,3,52.0,https://en.wikipedia.org/wiki/2025_opinion_polling_for_the_2026_Israeli_legislative_election,2025-12-25,11,,22.0,-1.9,-1.7,7.0,,,
1 Jan 2026,Filber,Channel 14[90],35.0,6.0,5.0,7.0,,11.0,8.0,9.0,,,,,,,66.0,https://en.wikipedia.org/wiki/Opinion_polling_for_the_2026_Israeli_legislative_election,2026-01-01,10,,11.0,-0.9,,8.0,5.0,5,(2.1%)
1 Jan 2026,Midgam,HaHadashot 12[89],26.0,10.0,-2.9,9.0,,9.0,7.0,9.0,,,,,,,51.0,https://en.wikipedia.org/wiki/Opinion_polling_for_the_2026_Israeli_legislative_election,2026-01-01,11,,21.0,-2.0,-2.7,8.0,5.0,5,(1.8%)
1 Jan 2026,Lazar,Maariv[91],27.0,9.0,-2.8,10.0,,8.0,7.0,10.0,,,,,,,52.0,https://en.wikipedia.org/wiki/Opinion_polling_for_the_2026_Israeli_legislative_election,2026-01-01,10,,19.0,-2.0,-3.0,10.0,5.0,5,(2.0%)
1 Jan 2026,Yossi Taktika,Zman Israel[92],28.0,10.0,,6.0,,10.0,8.0,10.0,,,,,,,52.0,https://en.wikipedia.org/wiki/Opinion_polling_for_the_2026_Israeli_legislative_election,2026-01-01,8,,22.0,,,7.0,6.0,5,–
7 Jan 2026,Maagar Mochot,Channel 13[88],26.0,7.0,-2.3,10.0,,10.0,7.0,10.0,,,,,,,53.0,https://en.wikipedia.org/wiki/Opinion_polling_for_the_2026_Israeli_legislative_election,2026-01-07,8,,24.0,-2.3,-1.6,8.0,5.0,5,(2.3%)
8 Jan 2026,Yossi Taktika,Zman Israel[87],28.0,10.0,,7.0,,10.0,8.0,10.0,,,,,,,53.0,https://en.wikipedia.org/wiki/Opinion_polling_for_the_2026_Israeli_legislative_election,2026-01-08,9,,21.0,,,6.0,6.0,5,–
8 Jan 2026,Lazar,Maariv[86],27.0,8.0,-2.2,9.0,,8.0,7.0,9.0,,,,,,,51.0,https://en.wikipedia.org/wiki/Opinion_polling_for_the_2026_Israeli_legislative_election,2026-01-08,10,,22.0,-2.2,-2.7,10.0,5.0,5,(1.8%)
8 Jan 2026,Filber,Channel 14[85],35.0,6.0,4.0,7.0,,11.0,9.0,9.0,,,,,,,66.0,https://en.wikipedia.org/wiki/Opinion_polling_for_the_2026_Israeli_legislative_election,2026-01-08,8,,13.0,-1.4,,8.0,5.0,5,(2.1%)
8 Jan 2026,Midgam,HaHadashot 12[84],25.0,9.0,4.0,8.0,,8.0,7.0,8.0,,,,,,,52.0,https://en.wikipedia.org/wiki/Opinion_polling_for_the_2026_Israeli_legislative_election,2026-01-08,12,,21.0,-0.6,-2.5,8.0,5.0,5,(1.3%)
14 Jan 2026,Kantar,Israel Hayom[83],27.0,8.0,-2.9,9.0,,10.0,7.0,8.0,,,,,,,53.0,https://en.wikipedia.org/wiki/Opinion_polling_for_the_2026_Israeli_legislative_election,2026-01-14,9,,23.0,-3.0,-2.7,9.0,5.0,5,(1.9%)
15 Jan 2026,Yossi Taktika,Zman Israel[82],27.0,9.0,,7.0,,10.0,8.0,10.0,,,,,,,52.0,https://en.wikipedia.org/wiki/Opinion_polling_for_the_2026_Israeli_legislative_election,2026-01-15,8,,19.0,4.0,,7.0,6.0,5,–
15 Jan 2026,Lazar,Maariv[81],26.0,9.0,-2.6,10.0,,8.0,7.0,8.0,,,,,,,51.0,https://en.wikipedia.org/wiki/Opinion_polling_for_the_2026_Israeli_legislative_election,2026-01-15,10,,22.0,-2.3,-2.6,11.0,4.0,5,(2.1%)
15 Jan 2026,Filber,Channel 14[80],35.0,5.0,4.0,7.0,,11.0,9.0,10.0,,,,,,,66.0,https://en.wikipedia.org/wiki/Opinion_polling_for_the_2026_Israeli_legislative_election,2026-01-15,11,,11.0,-2.8,,6.0,6.0,5,(2.1%)
15 Jan 2026,TrendZone,–[79],34.0,5.0,,10.0,,6.0,6.0,6.0,,,,,,,56.0,https://en.wikipedia.org/wiki/Opinion_polling_for_the_2026_Israeli_legislative_election,2026-01-15,12,,21.0,-1.8,,9.0,5.0,6,–
15 Jan 2026,Midgam,HaHadashot 12[78],26.0,9.0,-2.9,9.0,,8.0,8.0,8.0,,,,,,,51.0,https://en.wikipedia.org/wiki/Opinion_polling_for_the_2026_Israeli_legislative_election,2026-01-15,12,,22.0,-2.4,-1.4,8.0,5.0,5,(1.7%)
20 Jan 2026,Maagar Mochot,Channel 13[76][77],25.0,7.0,-2.6,9.0,,10.0,7.0,9.0,,,,,,,51.0,https://en.wikipedia.org/wiki/Opinion_polling_for_the_2026_Israeli_legislative_election,2026-01-20,10,,23.0,-2.0,-2.0,7.0,4.0,5,4
22 Jan 2026,Midgam,HaHadashot 12[72],25.0,8.0,-2.9,9.0,,9.0,8.0,9.0,,,,,,,51.0,https://en.wikipedia.org/wiki/Opinion_polling_for_the_2026_Israeli_legislative_election,2026-01-22,11,,22.0,-1.7,-2.7,9.0,5.0,5,(1.1%)
22 Jan 2026,Filber,Channel 14[73],34.0,5.0,5.0,7.0,,10.0,9.0,8.0,,,,,,,65.0,https://en.wikipedia.org/wiki/Opinion_polling_for_the_2026_Israeli_legislative_election,2026-01-22,10,,10.0,4.0,,7.0,5.0,6,(2.4%)
22 Jan 2026,Yossi Taktika,Zman Israel[75],25.0,8.0,4.0,6.0,,10.0,8.0,10.0,,,,,,,53.0,https://en.wikipedia.org/wiki/Opinion_polling_for_the_2026_Israeli_legislative_election,2026-01-22,9,,18.0,4.0,,7.0,6.0,5,–
22 Jan 2026,Lazar,Maariv[74],25.0,9.0,-2.0,9.0,,8.0,7.0,9.0,,,,,,,49.0,https://en.wikipedia.org/wiki/Opinion_polling_for_the_2026_Israeli_legislative_election,2026-01-22,9,,23.0,-2.8,-2.8,11.0,5.0,5,(1.9%)
29 Jan 2026,Yossi Taktika,Zman Israel[70],28.0,9.0,,7.0,,10.0,8.0,10.0,,,,,,,53.0,https://en.wikipedia.org/wiki/Opinion_polling_for_the_2026_Israeli_legislative_election,2026-01-29,10,,19.0,,,8.0,6.0,5,–
29 Jan 2026,Yossi Taktika,Zman Israel[70],27.0,8.0,,7.0,,9.0,8.0,10.0,,,,,,,51.0,https://en.wikipedia.org/wiki/Opinion_polling_for_the_2026_Israeli_legislative_election,2026-01-29,9,,19.0,,,7.0,16.0,16,16
29 Jan 2026,Lazar,Maariv[69],27.0,7.0,-2.2,8.0,,8.0,7.0,9.0,,,,,,,50.0,https://en.wikipedia.org/wiki/Opinion_polling_for_the_2026_Israeli_legislative_election,2026-01-29,9,,22.0,-2.7,-1.8,10.0,13.0,13,13
29 Jan 2026,Filber,Channel 14[68],34.0,6.0,4.0,7.0,,10.0,9.0,9.0,,,,,,,64.0,https://en.wikipedia.org/wiki/Opinion_polling_for_the_2026_Israeli_legislative_election,2026-01-29,9,,12.0,-3.0,,7.0,13.0,13,13
29 Jan 2026,Midgam,HaHadashot 12[67],27.0,8.0,-2.9,8.0,,9.0,7.0,8.0,,,,,,,51.0,https://en.wikipedia.org/wiki/Opinion_polling_for_the_2026_Israeli_legislative_election,2026-01-29,11,,21.0,-1.8,-1.0,9.0,12.0,12,12
4 Feb 2026,Maagar Mochot,Channel 13[66],26.0,8.0,4.0,9.0,,9.0,6.0,7.0,,,,,,,54.0,https://en.wikipedia.org/wiki/Opinion_polling_for_the_2026_Israeli_legislative_election,2026-02-04,8,,22.0,,,6.0,15.0,15,15
5 Feb 2026,Yossi Taktika,Times of Israel [65],27.0,8.0,,7.0,,10.0,8.0,10.0,,,,,,,52.0,https://en.wikipedia.org/wiki/Opinion_polling_for_the_2026_Israeli_legislative_election,2026-02-05,8,,18.0,4.0,,6.0,14.0,14,14
5 Feb 2026,Filber,Channel 14[64],34.0,4.0,4.0,7.0,,11.0,9.0,8.0,,,,,,,65.0,https://en.wikipedia.org/wiki/Opinion_polling_for_the_2026_Israeli_legislative_election,2026-02-05,9,,11.0,4.0,,6.0,13.0,13,13
6 Feb 2026,TrendZone,–[63],33.0,5.0,,8.0,,7.0,7.0,8.0,,,,,,,55.0,https://en.wikipedia.org/wiki/Opinion_polling_for_the_2026_Israeli_legislative_election,2026-02-06,9,,20.0,,,8.0,15.0,15,15
11 Feb 2026,Kantar,Israel Hayom[62],27.0,7.0,-2.7,10.0,,9.0,7.0,9.0,,,,,,,53.0,https://en.wikipedia.org/wiki/Opinion_polling_for_the_2026_Israeli_legislative_election,2026-02-11,9,,21.0,-2.9,-1.9,11.0,5.0,5,(2.3%)
11 Feb 2026,Kantar,Israel Hayom[62],26.0,7.0,-2.7,10.0,,9.0,7.0,9.0,,,,,,,52.0,https://en.wikipedia.org/wiki/Opinion_polling_for_the_2026_Israeli_legislative_election,2026-02-11,9,,20.0,-2.9,-1.9,10.0,13.0,13,13
12 Feb 2026,Filber,Channel 14[59],35.0,5.0,5.0,7.0,,10.0,9.0,8.0,,,,,,,66.0,https://en.wikipedia.org/wiki/Opinion_polling_for_the_2026_Israeli_legislative_election,2026-02-12,10,,10.0,,,8.0,13.0,13,13
12 Feb 2026,Midgam,HaHadashot 12[58],26.0,7.0,-2.7,9.0,,9.0,7.0,9.0,,,,,,,51.0,https://en.wikipedia.org/wiki/Opinion_polling_for_the_2026_Israeli_legislative_election,2026-02-12,11,,21.0,-2.2,-2.3,11.0,5.0,5,(2.0%)
12 Feb 2026,Yossi Taktika,Zman Israel[60],27.0,8.0,,7.0,,10.0,8.0,10.0,,,,,,,52.0,https://en.wikipedia.org/wiki/Opinion_polling_for_the_2026_Israeli_legislative_election,2026-02-12,8,,19.0,,,8.0,15.0,15,15
12 Feb 2026,Midgam,HaHadashot 12[58],25.0,7.0,-2.7,9.0,,9.0,7.0,9.0,,,,,,,50.0,https://en.wikipedia.org/wiki/Opinion_polling_for_the_2026_Israeli_legislative_election,2026-02-12,11,,20.0,-1.9,-2.0,11.0,12.0,12,12
12 Feb 2026,Lazar,Maariv[61],25.0,9.0,-2.5,10.0,,8.0,7.0,9.0,,,,,,,50.0,https://en.wikipedia.org/wiki/Opinion_polling_for_the_2026_Israeli_legislative_election,2026-02-12,9,,21.0,-2.5,-2.3,12.0,5.0,5,(2.0%)
12 Feb 2026,Yossi Taktika,Zman Israel[60],28.0,9.0,,7.0,,10.0,8.0,11.0,,,,,,,53.0,https://en.wikipedia.org/wiki/Opinion_polling_for_the_2026_Israeli_legislative_election,2026-02-12,8,,20.0,,,8.0,6.0,5,–
17 Feb 2026,Maagar Mochot,Channel 13[57],25.0,9.0,-2.4,8.0,,10.0,7.0,8.0,,,,,,,50.0,https://en.wikipedia.org/wiki/Opinion_polling_for_the_2026_Israeli_legislative_election,2026-02-17,7,,22.0,-1.6,-1.3,9.0,15.0,15,15
18 Feb 2026,Direct Polls,i24 News[56],34.0,-2.9,4.0,8.0,,10.0,8.0,8.0,,,,,,,64.0,https://en.wikipedia.org/wiki/Opinion_polling_for_the_2026_Israeli_legislative_election,2026-02-18,9,,14.0,-2.6,-2.4,11.0,14.0,14,14
19 Feb 2026,Lazar,Maariv[54],26.0,8.0,-2.6,9.0,,8.0,7.0,8.0,,,,,,,50.0,https://en.wikipedia.org/wiki/Opinion_polling_for_the_2026_Israeli_legislative_election,2026-02-19,11,,20.0,-2.9,-1.3,13.0,5.0,5,(1.8%)
19 Feb 2026,Yossi Taktika,Zman Israel[55],27.0,7.0,,7.0,,10.0,8.0,10.0,,,,,,,52.0,https://en.wikipedia.org/wiki/Opinion_polling_for_the_2026_Israeli_legislative_election,2026-02-19,9,,18.0,4.0,,9.0,6.0,5,–
19 Feb 2026,Filber,Channel 14[53],34.0,5.0,4.0,8.0,,10.0,9.0,8.0,,,,,,,65.0,https://en.wikipedia.org/wiki/Opinion_polling_for_the_2026_Israeli_legislative_election,2026-02-19,9,,11.0,,,9.0,13.0,13,13
26 Feb 2026,Yossi Taktika,Zman Israel[52],27.0,7.0,,8.0,,10.0,8.0,10.0,,,,,,,53.0,https://en.wikipedia.org/wiki/Opinion_polling_for_the_2026_Israeli_legislative_election,2026-02-26,9,,18.0,,,12.0,6.0,5,–
26 Feb 2026,Lazar,Maariv[51],26.0,8.0,-2.2,9.0,,8.0,7.0,8.0,,,,,,,50.0,https://en.wikipedia.org/wiki/Opinion_polling_for_the_2026_Israeli_legislative_election,2026-02-26,11,,19.0,-2.8,-1.9,14.0,5.0,5,(1.5%)
26 Feb 2026,Lazar,Maariv[51],25.0,7.0,-2.2,9.0,,8.0,7.0,8.0,,,,,,,49.0,https://en.wikipedia.org/wiki/Opinion_polling_for_the_2026_Israeli_legislative_election,2026-02-26,9,,20.0,-2.7,-1.9,13.0,14.0,14,14
26 Feb 2026,Filber,Channel 14[50],33.0,4.0,5.0,8.0,,11.0,8.0,8.0,,,,,,,65.0,https://en.wikipedia.org/wiki/Opinion_polling_for_the_2026_Israeli_legislative_election,2026-02-26,9,,10.0,,,11.0,13.0,13,13
26 Feb 2026,Midgam,HaHadashot 12[49],26.0,7.0,-2.6,10.0,,9.0,7.0,8.0,,,,,,,52.0,https://en.wikipedia.org/wiki/Opinion_polling_for_the_2026_Israeli_legislative_election,2026-02-26,11,,21.0,-1.9,-1.9,11.0,6.0,4,(1.6%)
5 Mar 2026,Yossi Taktika,Zman Israel[48],31.0,6.0,,6.0,,9.0,7.0,10.0,,,,,,,53.0,https://en.wikipedia.org/wiki/Opinion_polling_for_the_2026_Israeli_legislative_election,2026-03-05,8,,15.0,4.0,,14.0,5.0,5,–
5 Mar 2026,Lazar,Maariv[47],27.0,6.0,-2.8,9.0,,8.0,7.0,8.0,,,,,,,51.0,https://en.wikipedia.org/wiki/Opinion_polling_for_the_2026_Israeli_legislative_election,2026-03-05,10,,21.0,-2.0,-2.8,14.0,5.0,5,(1.6%)
5 Mar 2026,Filber,Channel 14[46],34.0,4.0,4.0,8.0,,11.0,9.0,7.0,,,,,,,66.0,https://en.wikipedia.org/wiki/Opinion_polling_for_the_2026_Israeli_legislative_election,2026-03-05,9,,11.0,-1.3,,10.0,13.0,13,13
11 Mar 2026,Midgam,HaHadashot 12[45],26.0,6.0,,9.0,,9.0,7.0,9.0,,,,,,,51.0,https://en.wikipedia.org/wiki/Opinion_polling_for_the_2026_Israeli_legislative_election,2026-03-11,12,,21.0,,,11.0,5.0,5,–
12 Mar 2026,Yossi Taktika,Zman Israel[44],29.0,6.0,4.0,6.0,,8.0,7.0,10.0,,,,,,,54.0,https://en.wikipedia.org/wiki/Opinion_polling_for_the_2026_Israeli_legislative_election,2026-03-12,8,,17.0,,,15.0,5.0,5,–
13 Mar 2026,Lazar,Maariv[43],27.0,7.0,-3.0,8.0,,8.0,7.0,8.0,,,,,,,57.0,https://en.wikipedia.org/wiki/Opinion_polling_for_the_2026_Israeli_legislative_election,2026-03-13,10,,22.0,-1.3,-2.8,13.0,5.0,5,(1.4%)
19 Mar 2026,Midgam,HaHadashot 12[41],28.0,6.0,,7.0,,9.0,7.0,9.0,,,,,,,51.0,https://en.wikipedia.org/wiki/Opinion_polling_for_the_2026_Israeli_legislative_election,2026-03-19,12,,20.0,,,12.0,5.0,5,–
19 Mar 2026,Yossi Taktika,Zman Israel[42],28.0,5.0,,7.0,,8.0,8.0,10.0,,,,,,,51.0,https://en.wikipedia.org/wiki/Opinion_polling_for_the_2026_Israeli_legislative_election,2026-03-19,9,,15.0,4.0,,16.0,5.0,5,–
20 Mar 2026,Lazar,Maariv[40],28.0,8.0,0.0,7.0,,8.0,7.0,10.0,,,,,,,50.0,https://en.wikipedia.org/wiki/Opinion_polling_for_the_2026_Israeli_legislative_election,2026-03-20,10,,21.0,0.0,0.0,11.0,5.0,5,0
26 Mar 2026,Lazar,Maariv[39],26.0,7.0,-2.3,9.0,,8.0,7.0,9.0,,,,,,,50.0,https://en.wikipedia.org/wiki/Opinion_polling_for_the_2026_Israeli_legislative_election,2026-03-26,10,,21.0,-2.8,-1.6,13.0,5.0,5,(1.3%)
26 Mar 2026,Filber,Channel 14[38],35.0,4.0,4.0,7.0,,10.0,9.0,8.0,,,,,,,65.0,https://en.wikipedia.org/wiki/Opinion_polling_for_the_2026_Israeli_legislative_election,2026-03-26,10,,10.0,-1.2,,11.0,12.0,12,12
26 Mar 2026,Yossi Taktika,Zman Israel[37],29.0,6.0,,7.0,,9.0,8.0,10.0,,,,,,,53.0,https://en.wikipedia.org/wiki/Opinion_polling_for_the_2026_Israeli_legislative_election,2026-03-26,8,,16.0,,,17.0,5.0,5,–
29 Mar 2026,Kantar,Kan 11[36],28.0,7.0,,8.0,,9.0,8.0,9.0,,,,,,,53.0,https://en.wikipedia.org/wiki/Opinion_polling_for_the_2026_Israeli_legislative_election,2026-03-29,9,,19.0,,,13.0,5.0,6,–
31 Mar 2026,Lazar,Maariv[34],25.0,8.0,-2.0,8.0,,9.0,7.0,8.0,,,,,,,49.0,https://en.wikipedia.org/wiki/Opinion_polling_for_the_2026_Israeli_legislative_election,2026-03-31,9,,22.0,-1.4,-1.4,14.0,4.0,6,(1.2%)
9 Apr 2026,Midgam,HaHadashot 12[33],25.0,6.0,-2.9,9.0,,9.0,7.0,9.0,,,,,,,50.0,https://en.wikipedia.org/wiki/Opinion_polling_for_the_2026_Israeli_legislative_election,2026-04-09,10,,22.0,-1.5,-0.9,13.0,5.0,5,(0.9%)
9 Apr 2026,Maagar Mochot,Channel 13[32],22.0,6.0,5.0,10.0,,10.0,7.0,8.0,,,,,,,54.0,https://en.wikipedia.org/wiki/Opinion_polling_for_the_2026_Israeli_legislative_election,2026-04-09,10,,21.0,,,12.0,5.0,6,–
9 Apr 2026,Kantar,Kan 11[31],25.0,6.0,-2.4,10.0,,9.0,7.0,9.0,,,,,,,51.0,https://en.wikipedia.org/wiki/Opinion_polling_for_the_2026_Israeli_legislative_election,2026-04-09,11,,19.0,-1.7,-2.7,14.0,5.0,5,(1.8%)
9 Apr 2026,Filber,Channel 14[30],35.0,4.0,4.0,7.0,,10.0,9.0,8.0,,,,,,,65.0,https://en.wikipedia.org/wiki/Opinion_polling_for_the_2026_Israeli_legislative_election,2026-04-09,10,,10.0,-1.8,,12.0,11.0,11,11
10 Apr 2026,Lazar,Maariv[29],25.0,7.0,-1.8,8.0,,9.0,7.0,9.0,,,,,,,49.0,https://en.wikipedia.org/wiki/Opinion_polling_for_the_2026_Israeli_legislative_election,2026-04-10,8,,24.0,-2.5,-1.6,13.0,5.0,5,(1.4%)
16 Apr 2026,Yossi Taktika,Zman Israel[26],28.0,5.0,,6.0,,9.0,8.0,10.0,,,,,,,51.0,https://en.wikipedia.org/wiki/Opinion_polling_for_the_2026_Israeli_legislative_election,2026-04-16,9,,16.0,4.0,,16.0,5.0,4,–
16 Apr 2026,Midgam,HaHadashot 12[27],25.0,6.0,-2.8,10.0,,9.0,7.0,9.0,,,,,,,51.0,https://en.wikipedia.org/wiki/Opinion_polling_for_the_2026_Israeli_legislative_election,2026-04-16,10,,20.0,-2.0,-2.8,14.0,5.0,5,(1.4%)
16 Apr 2026,Kantar,Israel Hayom[25],26.0,6.0,-2.5,10.0,,9.0,7.0,8.0,,,,,,,52.0,https://en.wikipedia.org/wiki/Opinion_polling_for_the_2026_Israeli_legislative_election,2026-04-16,9,,20.0,,,14.0,5.0,6,–
16 Apr 2026,Filber,Channel 14[28],35.0,-2.9,4.0,7.0,,11.0,8.0,9.0,,,,,,,65.0,https://en.wikipedia.org/wiki/Opinion_polling_for_the_2026_Israeli_legislative_election,2026-04-16,10,,11.0,-1.2,,13.0,12.0,12,12
17 Apr 2026,Lazar,Maariv[24],25.0,7.0,-2.3,8.0,,9.0,7.0,9.0,,,,,,,49.0,https://en.wikipedia.org/wiki/Opinion_polling_for_the_2026_Israeli_legislative_election,2026-04-17,9,,24.0,-2.1,-2.3,12.0,5.0,5,(2.0%)
23 Apr 2026,Filber,Channel 14[23],35.0,4.0,4.0,8.0,,11.0,8.0,9.0,,,,,,,66.0,https://en.wikipedia.org/wiki/Opinion_polling_for_the_2026_Israeli_legislative_election,2026-04-23,8,,10.0,-1.2,,12.0,11.0,11,11
23 Apr 2026,Midgam,HaHadashot 12[22],25.0,7.0,-2.7,9.0,,9.0,7.0,8.0,,,,,,,50.0,https://en.wikipedia.org/wiki/Opinion_polling_for_the_2026_Israeli_legislative_election,2026-04-23,10,,21.0,-0.8,-1.3,14.0,5.0,5,(0.4%)
24 Apr 2026,Lazar,Maariv[21],24.0,7.0,-2.8,9.0,,9.0,7.0,9.0,,,,,,,49.0,https://en.wikipedia.org/wiki/Opinion_polling_for_the_2026_Israeli_legislative_election,2026-04-24,9,,24.0,-1.7,-2.0,12.0,5.0,5,(1.4%)
